"SAMPLEID","LAT","LONG","STATIONID","COLLDATE","COLLMETH","INDEX_REGION","INDEX_NAME","ni_total","nt_total","pt_EPT","pi_EphemNoCaeBae","pi_ffg_filt","pt_ffg_pred","pt_tv_intol","pi_Pleco","pi_ffg_shred","pi_tv_intol","x_Becks"
"2000006",42.660109,-71.007554,"B0157","7/17/2000","RBP kicknet","CENTRALHILLS","MassDEP_2019_Bugs",103,29,27.5862068965517,0.970873786407767,20.3883495145631,27.5862068965517,31.0344827586207,9.70873786407767,3.88349514563107,19.4174757281553,21
"2000009",42.661044,-70.844894,"B0439","7/19/2000","RBP kicknet","CENTRALHILLS","MassDEP_2019_Bugs",91,11,9.09090909090909,0,17.5824175824176,0,0,0,0,0,1
"2000010",42.660748,-70.903712,"B0440","7/19/2000","RBP kicknet","CENTRALHILLS","MassDEP_2019_Bugs",102,22,36.3636363636364,5.88235294117647,27.4509803921569,18.1818181818182,36.3636363636364,16.6666666666667,18.6274509803922,31.3725490196078,18
"2000011",42.562283,-71.109284,"B0441","7/19/2000","RBP kicknet","CENTRALHILLS","MassDEP_2019_Bugs",106,20,5,0,52.8301886792453,10,0,0,3.77358490566038,0,0
"2000014",42.592316,-72.495222,"B0444","9/11/2000","RBP kicknet","CENTRALHILLS","MassDEP_2019_Bugs",96,21,52.3809523809524,12.5,39.5833333333333,4.76190476190476,33.3333333333333,1.04166666666667,1.04166666666667,20.8333333333333,14
"2000015",42.57641,-72.466338,"B0445","9/11/2000","RBP kicknet","CENTRALHILLS","MassDEP_2019_Bugs",102,23,47.8260869565217,7.84313725490196,15.6862745098039,17.3913043478261,43.4782608695652,8.82352941176471,6.86274509803922,32.3529411764706,21
"2000017",42.598139,-72.437622,"B0446","9/11/2000","RBP kicknet","CENTRALHILLS","MassDEP_2019_Bugs",91,23,52.1739130434783,13.1868131868132,54.9450549450549,4.34782608695652,30.4347826086957,0,1.0989010989011,15.3846153846154,14
"2000019",42.614562,-72.238155,"B0227","9/12/2000","RBP kicknet","CENTRALHILLS","MassDEP_2019_Bugs",110,22,45.4545454545455,8.18181818181818,45.4545454545455,13.6363636363636,31.8181818181818,0,0.909090909090909,25.4545454545455,13
"2000020",42.651487,-72.198629,"B0447","9/12/2000","RBP kicknet","CENTRALHILLS","MassDEP_2019_Bugs",96,21,19.047619047619,5.20833333333333,30.2083333333333,14.2857142857143,19.047619047619,0,0,12.5,9
"2000022",42.681872,-72.1145,"B0448","9/12/2000","RBP kicknet","CENTRALHILLS","MassDEP_2019_Bugs",97,25,36,14.4329896907216,42.2680412371134,20,28,2.06185567010309,2.06185567010309,32.9896907216495,15
"2000023",42.629064,-72.151983,"B0459","9/12/2000","RBP kicknet","CENTRALHILLS","MassDEP_2019_Bugs",102,28,35.7142857142857,1.96078431372549,38.2352941176471,10.7142857142857,10.7142857142857,0,12.7450980392157,8.82352941176471,8
"2000024A.1",42.68846,-72.179348,"B0449","9/13/2000","RBP kicknet","CENTRALHILLS","MassDEP_2019_Bugs",99,33,42.4242424242424,15.1515151515152,35.3535353535354,18.1818181818182,33.3333333333333,0,4.04040404040404,45.4545454545455,19
"2000026",42.606464,-72.080097,"B0460","9/13/2000","RBP kicknet","CENTRALHILLS","MassDEP_2019_Bugs",110,23,34.7826086956522,1.81818181818182,39.0909090909091,13.0434782608696,17.3913043478261,0,0.909090909090909,6.36363636363636,11
"2000031",42.639733,-72.868627,"B0453","9/25/2000","RBP kicknet","WESTHIGHLANDS","MassDEP_2019_Bugs",96,17,52.9411764705882,12.5,9.375,11.7647058823529,47.0588235294118,28.125,4.16666666666667,48.9583333333333,16
"2000032",42.657738,-72.93569,"B0451","9/25/2000","RBP kicknet","WESTHIGHLANDS","MassDEP_2019_Bugs",93,22,68.1818181818182,11.8279569892473,17.2043010752688,22.7272727272727,54.5454545454545,25.8064516129032,3.2258064516129,49.4623655913978,24
"2000033",42.624466,-72.907958,"B0452","9/25/2000","RBP kicknet","WESTHIGHLANDS","MassDEP_2019_Bugs",95,24,54.1666666666667,18.9473684210526,27.3684210526316,25,41.6666666666667,8.42105263157895,24.2105263157895,23.1578947368421,18
"2000034",42.634967,-72.933234,"B0458","9/25/2000","RBP kicknet","WESTHIGHLANDS","MassDEP_2019_Bugs",92,27,51.8518518518519,17.3913043478261,30.4347826086957,29.6296296296296,37.037037037037,7.60869565217391,20.6521739130435,30.4347826086957,21
"2000035",42.646295,-72.619669,"B0343","9/26/2000","RBP kicknet","WESTHIGHLANDS","MassDEP_2019_Bugs",93,30,60,41.9354838709677,31.1827956989247,20,46.6666666666667,3.2258064516129,17.2043010752688,40.8602150537634,28
"2000038",42.673262,-72.702176,"B0456","9/26/2000","RBP kicknet","WESTHIGHLANDS","MassDEP_2019_Bugs",92,30,43.3333333333333,20.6521739130435,18.4782608695652,16.6666666666667,33.3333333333333,1.08695652173913,30.4347826086957,26.0869565217391,20
"2000039",42.635404,-72.731424,"B0236","9/26/2000","RBP kicknet","WESTHIGHLANDS","MassDEP_2019_Bugs",97,29,37.9310344827586,25.7731958762887,14.4329896907216,20.6896551724138,24.1379310344828,4.12371134020619,17.5257731958763,17.5257731958763,18
"2000041",42.677408,-72.742469,"B0455","9/26/2000","RBP kicknet","WESTHIGHLANDS","MassDEP_2019_Bugs",92,31,48.3870967741936,28.2608695652174,14.1304347826087,41.9354838709677,48.3870967741936,11.9565217391304,8.69565217391304,52.1739130434783,29
"2000042",42.545159,-72.721526,"B0457","9/27/2000","RBP kicknet","WESTHIGHLANDS","MassDEP_2019_Bugs",102,29,48.2758620689655,30.3921568627451,12.7450980392157,20.6896551724138,48.2758620689655,7.84313725490196,6.86274509803922,50,28
"2000044",42.574799,-72.59854,"B0237","9/27/2000","RBP kicknet","CENTRALHILLS","MassDEP_2019_Bugs",96,37,29.7297297297297,10.4166666666667,25,21.6216216216216,21.6216216216216,3.125,5.20833333333333,27.0833333333333,16
"2000045",42.541895,-72.693929,"B0233","9/27/2000","RBP kicknet","WESTHIGHLANDS","MassDEP_2019_Bugs",99,32,43.75,14.1414141414141,24.2424242424242,28.125,31.25,5.05050505050505,11.1111111111111,17.1717171717172,23
"2000046",42.523174,-72.627073,"B0235","9/27/2000","RBP kicknet","CENTRALHILLS","MassDEP_2019_Bugs",101,27,44.4444444444444,16.8316831683168,39.6039603960396,7.40740740740741,33.3333333333333,0,13.8613861386139,20.7920792079208,18
"2001001",42.398058,-71.658249,"B0461","7/2/2001","RBP kicknet","CENTRALHILLS","MassDEP_2019_Bugs",96,34,38.2352941176471,3.125,26.0416666666667,20.5882352941176,32.3529411764706,17.7083333333333,18.75,38.5416666666667,21
"2001002",42.292816,-71.656948,"B0462","7/3/2001","RBP kicknet","CENTRALHILLS","MassDEP_2019_Bugs",92,22,31.8181818181818,1.08695652173913,33.695652173913,4.54545454545455,18.1818181818182,0,5.43478260869565,5.43478260869565,10
"2001003",42.385487,-71.530367,"B0198","7/3/2001","RBP kicknet","CENTRALHILLS","MassDEP_2019_Bugs",95,20,25,0,29.4736842105263,5,10,0,3.15789473684211,26.3157894736842,9
"2001004",42.474671,-71.376501,"B0463","7/3/2001","RBP kicknet","CENTRALHILLS","MassDEP_2019_Bugs",110,22,22.7272727272727,0,52.7272727272727,18.1818181818182,4.54545454545455,0,9.09090909090909,0.909090909090909,4
"2001005",42.359101,-71.343895,"B0199","7/5/2001","RBP kicknet","CENTRALHILLS","MassDEP_2019_Bugs",92,23,17.3913043478261,0,36.9565217391304,8.69565217391304,13.0434782608696,1.08695652173913,2.17391304347826,8.69565217391304,9
"2001007",42.258166,-71.500851,"B0202","7/5/2001","RBP kicknet","CENTRALHILLS","MassDEP_2019_Bugs",86,22,27.2727272727273,1.16279069767442,25.5813953488372,27.2727272727273,27.2727272727273,32.5581395348837,31.3953488372093,39.5348837209302,13
"2001008",42.305075,-71.62843,"B0359","7/18/2001","RBP kicknet","CENTRALHILLS","MassDEP_2019_Bugs",96,15,20,0,62.5,6.66666666666667,6.66666666666667,0,6.25,2.08333333333333,3
"2001009",42.27151,-71.632538,"B0466","7/18/2001","RBP kicknet","CENTRALHILLS","MassDEP_2019_Bugs",92,11,54.5454545454545,9.78260869565217,39.1304347826087,0,9.09090909090909,0,14.1304347826087,9.78260869565217,4
"2001010",42.405892,-71.526405,"B0389","7/19/2001","RBP kicknet","CENTRALHILLS","MassDEP_2019_Bugs",95,15,40,0,82.1052631578947,0,6.66666666666667,0,1.05263157894737,1.05263157894737,5
"2001011",42.387893,-71.563055,"B0465","7/19/2001","RBP kicknet","CENTRALHILLS","MassDEP_2019_Bugs",107,18,38.8888888888889,0.934579439252336,58.8785046728972,5.55555555555556,11.1111111111111,0,1.86915887850467,2.80373831775701,3
"2001012",42.289836,-71.439527,"B0484","7/19/2001","RBP kicknet","CENTRALHILLS","MassDEP_2019_Bugs",99,10,30,0,81.8181818181818,0,0,0,3.03030303030303,0,3
"2001013",42.266307,-71.522749,"B0360","7/19/2001","RBP kicknet","CENTRALHILLS","MassDEP_2019_Bugs",98,21,33.3333333333333,1.02040816326531,67.3469387755102,9.52380952380952,9.52380952380952,0,1.02040816326531,4.08163265306122,3
"2001017A",42.060733,-71.196394,"B0184","7/31/2001","RBP kicknet","CENTRALHILLS","MassDEP_2019_Bugs",94,22,45.4545454545455,11.7021276595745,24.468085106383,9.09090909090909,36.3636363636364,13.8297872340426,15.9574468085106,32.9787234042553,14
"2001026",42.081539,-72.909846,"B0216","8/13/2001","RBP kicknet","WESTHIGHLANDS","MassDEP_2019_Bugs",90,29,37.9310344827586,3.33333333333333,21.1111111111111,13.7931034482759,37.9310344827586,15.5555555555556,20,41.1111111111111,22
"2001029",42.101744,-73.096521,"B0212","8/13/2001","RBP kicknet","WESTHIGHLANDS","MassDEP_2019_Bugs",105,25,52,26.6666666666667,21.9047619047619,16,36,10.4761904761905,16.1904761904762,36.1904761904762,23
"2001030",42.063142,-73.157463,"B0473","8/14/2001","RBP kicknet","WESTHIGHLANDS","MassDEP_2019_Bugs",101,35,34.2857142857143,9.9009900990099,21.7821782178218,22.8571428571429,34.2857142857143,7.92079207920792,8.91089108910891,44.5544554455446,27
"2001032",42.183802,-73.086528,"B0208","8/14/2001","RBP kicknet","WESTHIGHLANDS","MassDEP_2019_Bugs",90,31,45.1612903225806,18.8888888888889,24.4444444444444,19.3548387096774,32.258064516129,7.77777777777778,4.44444444444444,37.7777777777778,23
"2001033",42.200177,-73.091974,"B0205","8/14/2001","RBP kicknet","WESTHIGHLANDS","MassDEP_2019_Bugs",106,32,37.5,17.9245283018868,33.9622641509434,18.75,31.25,4.71698113207547,4.71698113207547,28.3018867924528,23
"2001034",42.14923,-72.751831,"B0474","9/4/2001","RBP kicknet","CENTRALHILLS","MassDEP_2019_Bugs",98,29,34.4827586206897,4.08163265306122,23.469387755102,13.7931034482759,27.5862068965517,2.04081632653061,5.10204081632653,24.4897959183673,18
"2001035",42.128149,-72.813038,"B0475","9/4/2001","RBP kicknet","CENTRALHILLS","MassDEP_2019_Bugs",92,24,33.3333333333333,7.60869565217391,52.1739130434783,12.5,33.3333333333333,2.17391304347826,7.60869565217391,33.695652173913,16
"2001036",42.128605,-72.816693,"B0476","9/4/2001","RBP kicknet","CENTRALHILLS","MassDEP_2019_Bugs",99,29,44.8275862068966,21.2121212121212,36.3636363636364,20.6896551724138,31.0344827586207,5.05050505050505,15.1515151515152,32.3232323232323,17
"2001037",42.121867,-72.870793,"B0477","9/4/2001","RBP kicknet","WESTHIGHLANDS","MassDEP_2019_Bugs",96,24,50,8.33333333333333,18.75,20.8333333333333,41.6666666666667,10.4166666666667,12.5,45.8333333333333,21
"2001038",42.332789,-73.082602,"B0478","9/5/2001","RBP kicknet","WESTHIGHLANDS","MassDEP_2019_Bugs",104,38,50,23.0769230769231,25.9615384615385,21.0526315789474,42.1052631578947,12.5,10.5769230769231,51.9230769230769,30
"2001040.2",42.327334,-73.084498,"B0480","9/5/2001","RBP kicknet","WESTHIGHLANDS","MassDEP_2019_Bugs",92,33,45.4545454545455,22.8260869565217,33.695652173913,21.2121212121212,45.4545454545455,7.60869565217391,6.52173913043478,50,27
"2001041",42.256648,-73.055977,"B0481","9/5/2001","RBP kicknet","WESTHIGHLANDS","MassDEP_2019_Bugs",92,33,33.3333333333333,9.78260869565217,30.4347826086957,9.09090909090909,24.2424242424242,7.60869565217391,9.78260869565217,19.5652173913043,18
"2001042",42.162565,-72.824698,"B0180","9/5/2001","RBP kicknet","WESTHIGHLANDS","MassDEP_2019_Bugs",104,16,68.75,14.4230769230769,61.5384615384615,6.25,18.75,0,0.961538461538462,4.80769230769231,8
"2001043",42.264878,-72.867911,"B0172","9/6/2001","RBP kicknet","WESTHIGHLANDS","MassDEP_2019_Bugs",105,30,46.6666666666667,22.8571428571429,41.9047619047619,26.6666666666667,33.3333333333333,3.80952380952381,3.80952380952381,21.9047619047619,22
"2001045",42.115876,-72.728657,"B0482","9/6/2001","RBP kicknet","CENTRALHILLS","MassDEP_2019_Bugs",95,28,39.2857142857143,15.7894736842105,46.3157894736842,7.14285714285714,14.2857142857143,2.10526315789474,3.15789473684211,14.7368421052632,12
"2002001",42.140224,-71.455182,"B0485","7/15/2002","RBP kicknet","CENTRALHILLS","MassDEP_2019_Bugs",100,27,25.9259259259259,3,35,18.5185185185185,18.5185185185185,0,0,15,7
"2002002",42.151512,-71.426764,"B0486","7/15/2002","RBP kicknet","CENTRALHILLS","MassDEP_2019_Bugs",104,20,25,0,35.5769230769231,20,10,0,0.961538461538462,2.88461538461538,4
"2002003",42.140192,-71.388173,"B0055","7/15/2002","RBP kicknet","CENTRALHILLS","MassDEP_2019_Bugs",101,17,41.1764705882353,0,54.4554455445545,5.88235294117647,17.6470588235294,0,0,10.8910891089109,8
"2002004",42.138185,-71.357179,"B0056","7/15/2002","RBP kicknet","CENTRALHILLS","MassDEP_2019_Bugs",101,16,31.25,2.97029702970297,69.3069306930693,0,0,0,0,0,3
"2002005",42.091266,-71.4333,"B0060","7/15/2002","RBP kicknet","CENTRALHILLS","MassDEP_2019_Bugs",90,21,28.5714285714286,5.55555555555556,30,9.52380952380952,19.047619047619,0,5.55555555555556,12.2222222222222,6
"2002006",42.091131,-71.297074,"B0065","7/16/2002","RBP kicknet","CENTRALHILLS","MassDEP_2019_Bugs",95,33,39.3939393939394,6.31578947368421,27.3684210526316,24.2424242424242,27.2727272727273,8.42105263157895,8.42105263157895,29.4736842105263,19
"2002010",42.294593,-71.289615,"B0068","7/17/2002","RBP kicknet","CENTRALHILLS","MassDEP_2019_Bugs",106,19,5.26315789473684,0,56.6037735849057,21.0526315789474,0,0,2.83018867924528,0,0
"2002013",42.252308,-71.240158,"B0070","7/17/2002","RBP kicknet","CENTRALHILLS","MassDEP_2019_Bugs",91,14,21.4285714285714,0,30.7692307692308,14.2857142857143,7.14285714285714,0,12.0879120879121,1.0989010989011,4
"2002014",42.110674,-71.363473,"B0061","7/18/2002","RBP kicknet","CENTRALHILLS","MassDEP_2019_Bugs",107,14,42.8571428571429,3.73831775700935,65.4205607476636,0,7.14285714285714,0,0,0.934579439252336,4
"2002015",42.249836,-71.222694,"B0111","7/18/2002","RBP kicknet","CENTRALHILLS","MassDEP_2019_Bugs",98,24,16.6666666666667,0,65.3061224489796,25,8.33333333333333,2.04081632653061,2.04081632653061,3.06122448979592,4
"2002020",42.553008,-73.139015,"B0491","8/12/2002","RBP kicknet","WESTHIGHLANDS","MassDEP_2019_Bugs",101,29,41.3793103448276,0.99009900990099,29.7029702970297,24.1379310344828,37.9310344827586,10.8910891089109,10.8910891089109,20.7920792079208,21
"2002021",42.590998,-73.113667,"B0490","8/12/2002","RBP kicknet","WESTHIGHLANDS","MassDEP_2019_Bugs",93,27,40.7407407407407,5.37634408602151,20.4301075268817,18.5185185185185,22.2222222222222,9.67741935483871,16.1290322580645,19.3548387096774,15
"2002022",42.614602,-73.102779,"B0489","8/12/2002","RBP kicknet","WESTHIGHLANDS","MassDEP_2019_Bugs",106,24,33.3333333333333,0,11.3207547169811,25,33.3333333333333,12.2641509433962,15.0943396226415,30.188679245283,17
"2002024",42.725535,-73.2074,"B0492","8/13/2002","RBP kicknet","WESTHIGHLANDS","MassDEP_2019_Bugs",93,21,33.3333333333333,4.3010752688172,33.3333333333333,4.76190476190476,14.2857142857143,3.2258064516129,10.752688172043,6.45161290322581,14
"2002026",42.730195,-73.215658,"B0042","8/13/2002","RBP kicknet","WESTHIGHLANDS","MassDEP_2019_Bugs",97,16,31.25,0,20.6185567010309,12.5,6.25,0,3.09278350515464,1.03092783505155,6
"2002028",42.64765,-73.108453,"B0040","8/13/2002","RBP kicknet","WESTHIGHLANDS","MassDEP_2019_Bugs",95,26,30.7692307692308,9.47368421052632,29.4736842105263,15.3846153846154,11.5384615384615,1.05263157894737,2.10526315789474,11.5789473684211,11
"2002029",42.735297,-73.071859,"B0258","8/13/2002","RBP kicknet","WESTHIGHLANDS","MassDEP_2019_Bugs",96,30,36.6666666666667,5.20833333333333,46.875,13.3333333333333,23.3333333333333,2.08333333333333,15.625,9.375,15
"2002030",42.627764,-73.226333,"B0499","8/14/2002","RBP kicknet","WESTHIGHLANDS","MassDEP_2019_Bugs",97,23,39.1304347826087,2.06185567010309,25.7731958762887,21.7391304347826,30.4347826086957,8.24742268041237,6.18556701030928,24.7422680412371,16
"2002033",42.676487,-73.231264,"B0032","8/14/2002","RBP kicknet","WESTHIGHLANDS","MassDEP_2019_Bugs",90,23,8.69565217391304,7.77777777777778,8.88888888888889,17.3913043478261,13.0434782608696,0,24.4444444444444,10,8
"2002034",42.178556,-73.378126,"B0497","9/9/2002","RBP kicknet","WESTHIGHLANDS","MassDEP_2019_Bugs",107,34,47.0588235294118,14.018691588785,39.2523364485981,20.5882352941176,35.2941176470588,0.934579439252336,10.2803738317757,31.7757009345794,24
"2002035",42.274349,-73.358652,"B0496","9/9/2002","RBP kicknet","WESTHIGHLANDS","MassDEP_2019_Bugs",110,27,44.4444444444444,15.4545454545455,38.1818181818182,18.5185185185185,22.2222222222222,0,7.27272727272727,22.7272727272727,12
"2002036",42.04741,-73.311829,"B0500","9/9/2002","RBP kicknet","WESTHIGHLANDS","MassDEP_2019_Bugs",109,31,41.9354838709677,11.9266055045872,29.3577981651376,12.9032258064516,19.3548387096774,2.75229357798165,3.6697247706422,16.5137614678899,15
"2002037",42.106256,-73.268706,"B0012","9/9/2002","RBP kicknet","WESTHIGHLANDS","MassDEP_2019_Bugs",106,28,42.8571428571429,7.54716981132075,28.3018867924528,17.8571428571429,28.5714285714286,0,1.88679245283019,26.4150943396226,19
"2002038",42.226862,-73.36368,"B0017","9/9/2002","RBP kicknet","WESTHIGHLANDS","MassDEP_2019_Bugs",106,24,54.1666666666667,12.2641509433962,43.3962264150943,12.5,29.1666666666667,0.943396226415094,0.943396226415094,20.7547169811321,16
"2002039",42.486116,-73.137,"B0501","9/10/2002","RBP kicknet","WESTHIGHLANDS","MassDEP_2019_Bugs",111,34,41.1764705882353,18.9189189189189,39.6396396396396,17.6470588235294,35.2941176470588,4.5045045045045,1.8018018018018,26.1261261261261,23
"2002040",42.451856,-73.128421,"B0502","9/10/2002","RBP kicknet","WESTHIGHLANDS","MassDEP_2019_Bugs",102,30,36.6666666666667,19.6078431372549,29.4117647058824,23.3333333333333,16.6666666666667,2.94117647058824,1.96078431372549,24.5098039215686,19
"2002041",42.440126,-73.271207,"B0022","9/10/2002","RBP kicknet","WESTHIGHLANDS","MassDEP_2019_Bugs",97,26,38.4615384615385,9.27835051546392,32.9896907216495,15.3846153846154,30.7692307692308,0,0,16.4948453608247,16
"2002042",42.483206,-73.097752,"B0291","9/10/2002","RBP kicknet","WESTHIGHLANDS","MassDEP_2019_Bugs",107,32,59.375,22.4299065420561,14.018691588785,25,53.125,18.6915887850467,11.214953271028,56.0747663551402,34
"2002045",42.344148,-73.245236,"B0504","9/11/2002","RBP kicknet","WESTHIGHLANDS","MassDEP_2019_Bugs",95,21,28.5714285714286,0,52.6315789473684,9.52380952380952,4.76190476190476,0,5.26315789473684,2.10526315789474,6
"2002046",42.294302,-73.227193,"B0506","9/11/2002","RBP kicknet","WESTHIGHLANDS","MassDEP_2019_Bugs",110,33,33.3333333333333,11.8181818181818,13.6363636363636,18.1818181818182,27.2727272727273,3.63636363636364,10.9090909090909,15.4545454545455,24
"2002048.1",42.177724,-73.214213,"B0015","9/11/2002","RBP kicknet","WESTHIGHLANDS","MassDEP_2019_Bugs",106,29,31.0344827586207,16.9811320754717,24.5283018867925,17.2413793103448,27.5862068965517,4.71698113207547,7.54716981132075,25.4716981132075,17
"2003003",42.245228,-72.581951,"B0507","7/22/2003","RBP kicknet","CENTRALHILLS","MassDEP_2019_Bugs",110,23,43.4782608695652,10.9090909090909,57.2727272727273,13.0434782608696,17.3913043478261,1.81818181818182,4.54545454545455,5.45454545454545,9
"2003005",42.542567,-72.549014,"B0515","7/22/2003","RBP kicknet","CENTRALHILLS","MassDEP_2019_Bugs",105,36,44.4444444444444,6.66666666666667,21.9047619047619,22.2222222222222,38.8888888888889,7.61904761904762,10.4761904761905,25.7142857142857,26
"2003009",42.415533,-72.512579,"B0508","7/22/2003","RBP kicknet","CENTRALHILLS","MassDEP_2019_Bugs",105,28,35.7142857142857,6.66666666666667,23.8095238095238,28.5714285714286,42.8571428571429,15.2380952380952,25.7142857142857,33.3333333333333,22
"2003013",42.41346,-72.626359,"B0510","7/23/2003","RBP kicknet","CENTRALHILLS","MassDEP_2019_Bugs",100,24,25,5,33,12.5,12.5,1,2,9,12
"2003015",42.319697,-72.654506,"B0509","7/23/2003","RBP kicknet","CENTRALHILLS","MassDEP_2019_Bugs",101,29,31.0344827586207,7.92079207920792,33.6633663366337,10.3448275862069,17.2413793103448,0,6.93069306930693,7.92079207920792,12
"2003016",42.57218,-71.838652,"B0075","9/3/2003","RBP kicknet","CENTRALHILLS","MassDEP_2019_Bugs",106,15,40,3.77358490566038,63.2075471698113,6.66666666666667,13.3333333333333,1.88679245283019,1.88679245283019,4.71698113207547,3
"2003017.1",42.561889,-71.768544,"B0076","9/3/2003","RBP kicknet","CENTRALHILLS","MassDEP_2019_Bugs",111,23,21.7391304347826,0,54.0540540540541,17.3913043478261,4.34782608695652,0,14.4144144144144,0.900900900900901,5
"2003018",42.532663,-71.74025,"B0077","9/3/2003","RBP kicknet","CENTRALHILLS","MassDEP_2019_Bugs",108,14,42.8571428571429,0.925925925925926,75,7.14285714285714,7.14285714285714,0,4.62962962962963,0.925925925925926,1
"2003019",42.483957,-71.685797,"B0080","9/3/2003","RBP kicknet","CENTRALHILLS","MassDEP_2019_Bugs",105,14,50,2.85714285714286,80,7.14285714285714,7.14285714285714,0,0,2.85714285714286,3
"2003021",42.201853,-71.776489,"B0094","9/15/2003","RBP kicknet","CENTRALHILLS","MassDEP_2019_Bugs",103,8,12.5,0,60.1941747572816,0,0,0,34.9514563106796,0,0
"2003022",42.026244,-71.581848,"B0090","9/15/2003","RBP kicknet","CENTRALHILLS","MassDEP_2019_Bugs",106,12,50,2.83018867924528,88.6792452830189,0,0,0,0,0,3
"2003023",42.07896,-71.706694,"B0270","9/15/2003","RBP kicknet","CENTRALHILLS","MassDEP_2019_Bugs",90,21,38.0952380952381,10,22.2222222222222,9.52380952380952,19.047619047619,0,1.11111111111111,11.1111111111111,6
"2004002",42.552928,-71.536486,"B0525","7/27/2004","RBP kicknet","CENTRALHILLS","MassDEP_2019_Bugs",110,23,17.3913043478261,2.72727272727273,50,26.0869565217391,4.34782608695652,0,4.54545454545455,2.72727272727273,3
"2004003",42.603947,-71.52792,"B0319","7/29/2004","RBP kicknet","CENTRALHILLS","MassDEP_2019_Bugs",105,15,20,0,26.6666666666667,20,13.3333333333333,0,15.2380952380952,1.9047619047619,4
"2004004",42.595909,-71.418095,"B0523","7/29/2004","RBP kicknet","CENTRALHILLS","MassDEP_2019_Bugs",98,24,37.5,0,39.7959183673469,20.8333333333333,25,5.10204081632653,3.06122448979592,8.16326530612245,10
"2004005.A",42.653564,-71.442109,"B0522","7/29/2004","RBP kicknet","CENTRALHILLS","MassDEP_2019_Bugs",104,12,33.3333333333333,0,65.3846153846154,33.3333333333333,8.33333333333333,0.961538461538462,17.3076923076923,0.961538461538462,5
"2004006",42.628174,-71.347754,"B0521","7/29/2004","RBP kicknet","CENTRALHILLS","MassDEP_2019_Bugs",105,12,25,0,19.047619047619,8.33333333333333,0,0,0.952380952380952,0,2
"2004007",42.649763,-71.260007,"B0308","7/30/2004","RBP kicknet","CENTRALHILLS","MassDEP_2019_Bugs",96,17,23.5294117647059,0,60.4166666666667,0,11.7647058823529,0,9.375,2.08333333333333,4
"2004008",42.662711,-71.321199,"B0520","7/30/2004","RBP kicknet","CENTRALHILLS","MassDEP_2019_Bugs",100,14,14.2857142857143,0,28,7.14285714285714,0,0,16,0,1
"2004009",42.663489,-71.267036,"B0306","7/30/2004","RBP kicknet","CENTRALHILLS","MassDEP_2019_Bugs",101,18,27.7777777777778,0,61.3861386138614,11.1111111111111,16.6666666666667,0,9.9009900990099,10.8910891089109,6
"2004010",42.704423,-71.223687,"B0519","8/2/2004","RBP kicknet","CENTRALHILLS","MassDEP_2019_Bugs",103,17,29.4117647058824,0,40.7766990291262,11.7647058823529,5.88235294117647,0,14.5631067961165,0.970873786407767,5
"2004011",42.777034,-71.128259,"B0518","8/2/2004","RBP kicknet","CENTRALHILLS","MassDEP_2019_Bugs",95,16,37.5,0,66.3157894736842,0,18.75,0,4.21052631578947,5.26315789473684,7
"2004012",42.685825,-71.221046,"B0517","8/2/2004","RBP kicknet","CENTRALHILLS","MassDEP_2019_Bugs",100,24,16.6666666666667,0,34,16.6666666666667,12.5,5,6,8,8
"2004013.1",42.856882,-70.929484,"B0516","8/3/2004","RBP kicknet","CENTRALHILLS","MassDEP_2019_Bugs",108,18,22.2222222222222,0,62.962962962963,5.55555555555556,5.55555555555556,0,3.7037037037037,7.40740740740741,2
"2004014.1",42.089283,-72.097401,"B0529","8/24/2004","RBP kicknet","CENTRALHILLS","MassDEP_2019_Bugs",110,29,24.1379310344828,0,44.5454545454545,27.5862068965517,17.2413793103448,16.3636363636364,3.63636363636364,20,15
"2004015",42.0391,-72.13195,"B0548","8/24/2004","RBP kicknet","CENTRALHILLS","MassDEP_2019_Bugs",97,18,33.3333333333333,32.9896907216495,37.1134020618557,16.6666666666667,22.2222222222222,1.03092783505155,1.03092783505155,35.0515463917526,10
"2004016",42.033794,-72.157307,"B0539","8/24/2004","RBP kicknet","CENTRALHILLS","MassDEP_2019_Bugs",110,32,34.375,31.8181818181818,25.4545454545455,25,37.5,13.6363636363636,7.27272727272727,53.6363636363636,25
"2004017",42.060875,-72.16363,"B0530","8/24/2004","RBP kicknet","CENTRALHILLS","MassDEP_2019_Bugs",110,34,38.2352941176471,31.8181818181818,17.2727272727273,23.5294117647059,44.1176470588235,10.9090909090909,12.7272727272727,63.6363636363636,30
"2004018",42.122339,-72.198869,"B0547","8/25/2004","RBP kicknet","CENTRALHILLS","MassDEP_2019_Bugs",97,20,35,3.09278350515464,74.2268041237113,10,20,0,4.12371134020619,4.12371134020619,8
"2004019",42.118069,-72.207957,"B0531","8/25/2004","RBP kicknet","CENTRALHILLS","MassDEP_2019_Bugs",108,20,45,13.8888888888889,52.7777777777778,10,30,0.925925925925926,7.40740740740741,18.5185185185185,14
"2004020",42.118789,-72.2177,"B0546","8/25/2004","RBP kicknet","CENTRALHILLS","MassDEP_2019_Bugs",105,26,26.9230769230769,7.61904761904762,45.7142857142857,34.6153846153846,30.7692307692308,2.85714285714286,8.57142857142857,23.8095238095238,17
"2004021",42.085128,-72.046678,"B0532","8/25/2004","RBP kicknet","CENTRALHILLS","MassDEP_2019_Bugs",110,28,35.7142857142857,6.36363636363636,68.1818181818182,25,28.5714285714286,4.54545454545455,3.63636363636364,15.4545454545455,17
"2004022",42.067104,-72.062828,"B0533","8/25/2004","RBP kicknet","CENTRALHILLS","MassDEP_2019_Bugs",102,24,41.6666666666667,17.6470588235294,33.3333333333333,20.8333333333333,41.6666666666667,12.7450980392157,9.80392156862745,45.0980392156863,23
"2004023",42.153775,-71.878883,"B0543","8/30/2004","RBP kicknet","CENTRALHILLS","MassDEP_2019_Bugs",110,21,38.0952380952381,3.63636363636364,72.7272727272727,9.52380952380952,23.8095238095238,0.909090909090909,2.72727272727273,5.45454545454545,12
"2004024",42.138764,-71.911802,"B0544","8/30/2004","RBP kicknet","CENTRALHILLS","MassDEP_2019_Bugs",103,12,41.6666666666667,1.94174757281553,82.5242718446602,25,25,0.970873786407767,5.8252427184466,4.85436893203883,9
"2004025",42.02821,-71.937853,"B0534","8/26/2004","RBP kicknet","CENTRALHILLS","MassDEP_2019_Bugs",110,25,40,2.72727272727273,46.3636363636364,16,40,5.45454545454545,11.8181818181818,25.4545454545455,23
"2004026",42.073922,-72.005272,"B0535","8/26/2004","RBP kicknet","CENTRALHILLS","MassDEP_2019_Bugs",107,28,32.1428571428571,1.86915887850467,42.0560747663551,17.8571428571429,25,9.34579439252336,7.47663551401869,23.3644859813084,17
"2004027",42.093867,-71.916772,"B0536","8/26/2004","RBP kicknet","CENTRALHILLS","MassDEP_2019_Bugs",110,19,42.1052631578947,8.18181818181818,65.4545454545455,15.7894736842105,21.0526315789474,3.63636363636364,1.81818181818182,10.9090909090909,11
"2004028",42.061813,-72.014417,"B0537","8/26/2004","RBP kicknet","CENTRALHILLS","MassDEP_2019_Bugs",91,25,32,17.5824175824176,24.1758241758242,20,28,3.2967032967033,2.1978021978022,42.8571428571429,16
"2004029",42.069958,-72.030224,"B0538","8/26/2004","RBP kicknet","CENTRALHILLS","MassDEP_2019_Bugs",92,22,36.3636363636364,1.08695652173913,63.0434782608696,13.6363636363636,18.1818181818182,0,8.69565217391304,16.304347826087,10
"2004030",42.204192,-71.904709,"B0542","8/27/2004","RBP kicknet","CENTRALHILLS","MassDEP_2019_Bugs",109,28,21.4285714285714,0.917431192660551,45.8715596330275,25,32.1428571428571,0.917431192660551,10.0917431192661,28.4403669724771,17
"2004031",42.071458,-71.853255,"B0541","8/27/2004","RBP kicknet","CENTRALHILLS","MassDEP_2019_Bugs",93,8,25,0,90.3225806451613,12.5,0,0,1.0752688172043,0,4
"2004033",42.05249,-71.834697,"B0528","8/29/2004","RBP kicknet","CENTRALHILLS","MassDEP_2019_Bugs",110,21,19.047619047619,0,52.7272727272727,19.047619047619,14.2857142857143,0,1.81818181818182,7.27272727272727,8
"2004034",42.062281,-71.848399,"B0527","8/27/2004","RBP kicknet","CENTRALHILLS","MassDEP_2019_Bugs",95,17,35.2941176470588,3.15789473684211,14.7368421052632,23.5294117647059,41.1764705882353,13.6842105263158,22.1052631578947,32.6315789473684,15
"2004035",42.062144,-71.846692,"B0526","8/27/2004","RBP kicknet","CENTRALHILLS","MassDEP_2019_Bugs",105,17,35.2941176470588,0,11.4285714285714,35.2941176470588,35.2941176470588,5.71428571428571,49.5238095238095,19.047619047619,12
"2004036",42.223099,-71.923006,"B0545","9/3/2004","RBP kicknet","CENTRALHILLS","MassDEP_2019_Bugs",110,19,31.5789473684211,3.63636363636364,65.4545454545455,21.0526315789474,15.7894736842105,3.63636363636364,1.81818181818182,4.54545454545455,8
"2005053",42.650488,-70.936025,"B0229","7/25/2005","RBP kicknet","CENTRALHILLS","MassDEP_2019_Bugs",103,24,29.1666666666667,0,78.6407766990291,16.6666666666667,4.16666666666667,0,1.94174757281553,0.970873786407767,4
"2005054",42.487643,-71.262772,"B0550","7/26/2005","RBP kicknet","CENTRALHILLS","MassDEP_2019_Bugs",96,11,9.09090909090909,0,57.2916666666667,18.1818181818182,18.1818181818182,0,0,2.08333333333333,3
"2005055",42.487231,-71.261478,"B0551","7/26/2005","RBP kicknet","CENTRALHILLS","MassDEP_2019_Bugs",94,17,17.6470588235294,0,73.4042553191489,5.88235294117647,0,0,4.25531914893617,0,3
"2005056",42.578948,-71.224992,"B0552","7/26/2005","RBP kicknet","CENTRALHILLS","MassDEP_2019_Bugs",98,19,5.26315789473684,0,64.2857142857143,15.7894736842105,5.26315789473684,0,3.06122448979592,4.08163265306122,4
"2005057",42.601193,-71.19228,"B0553","7/26/2005","RBP kicknet","CENTRALHILLS","MassDEP_2019_Bugs",102,25,44,0.980392156862745,73.5294117647059,12,20,0,7.84313725490196,12.7450980392157,13
"2005058",42.648158,-71.150347,"B0554","7/27/2005","RBP kicknet","CENTRALHILLS","MassDEP_2019_Bugs",107,15,40,4.67289719626168,64.4859813084112,13.3333333333333,13.3333333333333,0,7.47663551401869,10.2803738317757,8
"2005060",42.571233,-71.100767,"B0443","7/27/2005","RBP kicknet","CENTRALHILLS","MassDEP_2019_Bugs",96,7,14.2857142857143,0,87.5,0,0,0,0,0,0
"2005061",42.653725,-71.147879,"B0555","7/27/2005","RBP kicknet","CENTRALHILLS","MassDEP_2019_Bugs",112,21,28.5714285714286,0,62.5,9.52380952380952,9.52380952380952,0,0,4.46428571428571,5
"2005062",42.569802,-71.028968,"B0230","7/25/2005","RBP kicknet","CENTRALHILLS","MassDEP_2019_Bugs",107,16,31.25,0,78.5046728971963,18.75,6.25,0,4.67289719626168,1.86915887850467,7
"2005064.R",42.618394,-71.021129,"B0438","7/28/2005","RBP kicknet","CENTRALHILLS","MassDEP_2019_Bugs",105,20,30,0.952380952380952,46.6666666666667,15,10,0,23.8095238095238,3.80952380952381,6
"2005085",42.606646,-72.077383,"B0222","9/12/2005","RBP kicknet","CENTRALHILLS","MassDEP_2019_Bugs",107,18,38.8888888888889,0.934579439252336,47.6635514018692,11.1111111111111,22.2222222222222,0.934579439252336,7.47663551401869,5.60747663551402,10
"2005088.1",42.595083,-72.121627,"B0450","9/13/2005","RBP kicknet","CENTRALHILLS","MassDEP_2019_Bugs",104,25,28,14.4230769230769,40.3846153846154,12,20,0,5.76923076923077,22.1153846153846,10
"2005091",42.592346,-72.123136,"B0557","9/13/2005","RBP kicknet","CENTRALHILLS","MassDEP_2019_Bugs",94,14,0,0,0,21.4285714285714,0,0,0,0,0
"2005093",42.602529,-72.071799,"B0221","9/13/2005","RBP kicknet","CENTRALHILLS","MassDEP_2019_Bugs",109,25,40,7.3394495412844,49.5412844036697,16,12,0.917431192660551,1.8348623853211,5.5045871559633,12
"2005094",42.588212,-72.040881,"B0219","9/14/2005","RBP kicknet","CENTRALHILLS","MassDEP_2019_Bugs",102,16,68.75,1.96078431372549,83.3333333333333,0,18.75,0,1.96078431372549,3.92156862745098,11
"2005096",42.595945,-72.05234,"B0556","9/14/2005","RBP kicknet","CENTRALHILLS","MassDEP_2019_Bugs",106,20,55,4.71698113207547,63.2075471698113,0,20,0,4.71698113207547,9.43396226415094,11
"2005099",42.6715,-72.27686,"B0670","9/14/2005","RBP kicknet","CENTRALHILLS","MassDEP_2019_Bugs",98,29,24.1379310344828,1.02040816326531,44.8979591836735,24.1379310344828,17.2413793103448,0,8.16326530612245,6.12244897959184,12
"2005106",42.621498,-72.625397,"B0561","9/26/2005","RBP kicknet","CENTRALHILLS","MassDEP_2019_Bugs",104,23,52.1739130434783,10.5769230769231,26.9230769230769,17.3913043478261,39.1304347826087,5.76923076923077,9.61538461538461,28.8461538461538,20
"2005114",42.50399,-72.746947,"B0559","9/28/2005","RBP kicknet","WESTHIGHLANDS","MassDEP_2019_Bugs",109,23,47.8260869565217,6.42201834862385,79.8165137614679,26.0869565217391,30.4347826086957,2.75229357798165,2.75229357798165,21.1009174311927,17
"2006019",42.440521,-71.428728,"B0586","7/5/2006","RBP kicknet","CENTRALHILLS","MassDEP_2019_Bugs",100,18,33.3333333333333,2,74,0,5.55555555555556,0,5,1,6
"2006023",42.273809,-71.632115,"B0358","7/6/2006","RBP kicknet","CENTRALHILLS","MassDEP_2019_Bugs",101,18,44.4444444444444,12.8712871287129,54.4554455445545,16.6666666666667,16.6666666666667,0,0.99009900990099,17.8217821782178,10
"2006024",42.633438,-71.302439,"B0587","7/10/2006","RBP kicknet","CENTRALHILLS","MassDEP_2019_Bugs",93,23,17.3913043478261,0,56.989247311828,4.34782608695652,4.34782608695652,1.0752688172043,3.2258064516129,1.0752688172043,5
"2006025",42.191834,-70.779752,"B0600","7/25/2006","RBP kicknet","CENTRALHILLS","MassDEP_2019_Bugs",110,21,28.5714285714286,0,40.9090909090909,28.5714285714286,23.8095238095238,17.2727272727273,19.0909090909091,25.4545454545455,12
"2006027",42.157839,-70.789131,"B0592","7/25/2006","RBP kicknet","CENTRALHILLS","MassDEP_2019_Bugs",100,17,35.2941176470588,4,46,17.6470588235294,23.5294117647059,11,17,18,8
"2006028",42.116128,-70.808859,"B0601","7/25/2006","RBP kicknet","CENTRALHILLS","MassDEP_2019_Bugs",104,18,22.2222222222222,0.961538461538462,51.9230769230769,11.1111111111111,11.1111111111111,7.69230769230769,7.69230769230769,8.65384615384615,5
"2006029",42.094385,-70.716768,"B0598","7/26/2006","RBP kicknet","CENTRALHILLS","MassDEP_2019_Bugs",100,19,26.3157894736842,8,35,10.5263157894737,10.5263157894737,1,1,7,8
"2006032",42.107611,-70.821453,"B0596","7/26/2006","RBP kicknet","CENTRALHILLS","MassDEP_2019_Bugs",98,21,23.8095238095238,0,15.3061224489796,19.047619047619,23.8095238095238,6.12244897959184,16.3265306122449,17.3469387755102,9
"2006046.1",42.05813,-71.215505,"B0189","8/1/2006","RBP kicknet","CENTRALHILLS","MassDEP_2019_Bugs",108,29,27.5862068965517,8.33333333333333,31.4814814814815,13.7931034482759,17.2413793103448,2.77777777777778,13.8888888888889,14.8148148148148,13
"2006063.1",42.078937,-73.073159,"B0210","8/15/2006","RBP kicknet","WESTHIGHLANDS","MassDEP_2019_Bugs",103,35,51.4285714285714,4.85436893203883,17.4757281553398,22.8571428571429,37.1428571428571,12.621359223301,4.85436893203883,23.3009708737864,32
"2006064",42.054434,-73.017162,"B0580","8/15/2006","RBP kicknet","WESTHIGHLANDS","MassDEP_2019_Bugs",91,31,45.1612903225806,13.1868131868132,29.6703296703297,25.8064516129032,51.6129032258064,14.2857142857143,4.3956043956044,57.1428571428571,28
"2006065",42.064048,-72.966532,"B0215","8/15/2006","RBP kicknet","WESTHIGHLANDS","MassDEP_2019_Bugs",107,37,54.0540540540541,8.41121495327103,18.6915887850467,29.7297297297297,45.9459459459459,22.4299065420561,23.3644859813084,48.5981308411215,33
"2006066",42.040322,-73.132284,"B0585","8/15/2006","RBP kicknet","WESTHIGHLANDS","MassDEP_2019_Bugs",104,34,55.8823529411765,10.5769230769231,31.7307692307692,32.3529411764706,50,18.2692307692308,14.4230769230769,61.5384615384615,36
"2006068",42.159044,-73.06828,"B0207","8/16/2006","RBP kicknet","WESTHIGHLANDS","MassDEP_2019_Bugs",98,24,37.5,2.04081632653061,44.8979591836735,16.6666666666667,29.1666666666667,10.2040816326531,7.14285714285714,28.5714285714286,16
"2006070",42.10517,-73.104395,"B0583","8/16/2006","RBP kicknet","WESTHIGHLANDS","MassDEP_2019_Bugs",94,33,45.4545454545455,17.0212765957447,15.9574468085106,30.3030303030303,42.4242424242424,6.38297872340426,24.468085106383,32.9787234042553,33
"2006071",42.240789,-73.117225,"B0582","8/16/2006","RBP kicknet","WESTHIGHLANDS","MassDEP_2019_Bugs",99,33,39.3939393939394,14.1414141414141,26.2626262626263,27.2727272727273,33.3333333333333,7.07070707070707,1.01010101010101,45.4545454545455,22
"2006073",42.195618,-73.076917,"B0581","8/16/2006","RBP kicknet","WESTHIGHLANDS","MassDEP_2019_Bugs",100,27,33.3333333333333,25,39,29.6296296296296,33.3333333333333,6,4,39,17
"2006085",42.330732,-73.083499,"B0479","9/6/2006","RBP kicknet","WESTHIGHLANDS","MassDEP_2019_Bugs",106,25,60,36.7924528301887,31.1320754716981,24,44,1.88679245283019,3.77358490566038,36.7924528301887,23
"2006086",42.262487,-73.050076,"B0579","9/6/2006","RBP kicknet","WESTHIGHLANDS","MassDEP_2019_Bugs",105,30,40,20.952380952381,20,30,36.6666666666667,10.4761904761905,1.9047619047619,46.6666666666667,25
"2006087",42.300647,-72.984699,"B0576","9/6/2006","RBP kicknet","WESTHIGHLANDS","MassDEP_2019_Bugs",98,29,48.2758620689655,25.5102040816327,37.7551020408163,20.6896551724138,31.0344827586207,2.04081632653061,6.12244897959184,29.5918367346939,19
"2006088",42.39631,-72.927791,"B0577","9/6/2006","RBP kicknet","WESTHIGHLANDS","MassDEP_2019_Bugs",100,20,50,32,19,10,30,0,3,33,17
"2006089",42.461459,-72.88977,"B0578","9/6/2006","RBP kicknet","WESTHIGHLANDS","MassDEP_2019_Bugs",98,28,42.8571428571429,26.530612244898,22.4489795918367,10.7142857142857,35.7142857142857,1.02040816326531,3.06122448979592,32.6530612244898,21
"2006092",42.226012,-72.870689,"B0177","9/5/2006","RBP kicknet","WESTHIGHLANDS","MassDEP_2019_Bugs",100,31,48.3870967741936,15,34,19.3548387096774,29.0322580645161,2,0,22,19
"2006093",42.117836,-72.726655,"B0182","9/5/2006","RBP kicknet","CENTRALHILLS","MassDEP_2019_Bugs",105,27,44.4444444444444,12.3809523809524,29.5238095238095,7.40740740740741,14.8148148148148,0,2.85714285714286,12.3809523809524,15
"2006094",42.124767,-72.722045,"B0575","9/5/2006","RBP kicknet","CENTRALHILLS","MassDEP_2019_Bugs",106,28,50,0.943396226415094,54.7169811320755,17.8571428571429,25,9.43396226415094,3.77358490566038,7.54716981132075,14
"2007011",42.187033,-71.360766,"B0614","7/17/2007","RBP kicknet","CENTRALHILLS","MassDEP_2019_Bugs",100,16,43.75,12,62,18.75,6.25,0,1,12,8
"2007012",42.378246,-71.28273,"B0073","7/18/2007","RBP kicknet","CENTRALHILLS","MassDEP_2019_Bugs",106,17,41.1764705882353,11.3207547169811,43.3962264150943,17.6470588235294,29.4117647058824,0.943396226415094,0,23.5849056603774,11
"2007014",42.254904,-71.293712,"B0069","7/18/2007","RBP kicknet","CENTRALHILLS","MassDEP_2019_Bugs",104,17,41.1764705882353,2.88461538461538,78.8461538461538,5.88235294117647,23.5294117647059,0,1.92307692307692,5.76923076923077,8
"2007015",42.197229,-71.328368,"B0612","7/18/2007","RBP kicknet","CENTRALHILLS","MassDEP_2019_Bugs",102,22,27.2727272727273,2.94117647058824,42.156862745098,18.1818181818182,18.1818181818182,0,4.90196078431373,9.80392156862745,10
"2007016",42.215173,-71.406671,"B0613","7/19/2007","RBP kicknet","CENTRALHILLS","MassDEP_2019_Bugs",106,22,13.6363636363636,0.943396226415094,32.0754716981132,27.2727272727273,13.6363636363636,0,0.943396226415094,2.83018867924528,6
"2007017.1",42.258074,-71.262729,"B0487","7/19/2007","RBP kicknet","CENTRALHILLS","MassDEP_2019_Bugs",108,20,50,3.7037037037037,66.6666666666667,5,20,0,7.40740740740741,15.7407407407407,8
"2007018",42.365257,-71.188419,"B0059","7/19/2007","RBP kicknet","CENTRALHILLS","MassDEP_2019_Bugs",100,19,31.5789473684211,2,48,0,15.7894736842105,0,5,13,6
"2007019",42.254887,-71.330045,"B0615","7/20/2007","RBP kicknet","CENTRALHILLS","MassDEP_2019_Bugs",109,22,18.1818181818182,1.8348623853211,52.2935779816514,13.6363636363636,4.54545454545455,0,16.5137614678899,1.8348623853211,3
"2007020.A",42.15924,-71.302843,"B0067","7/20/2007","RBP kicknet","CENTRALHILLS","MassDEP_2019_Bugs",107,17,29.4117647058824,5.60747663551402,57.9439252336449,17.6470588235294,5.88235294117647,0,0,5.60747663551402,4
"2007021",42.129885,-71.304212,"B0066","7/20/2007","RBP kicknet","CENTRALHILLS","MassDEP_2019_Bugs",102,11,36.3636363636364,0,72.5490196078431,0,18.1818181818182,0,1.96078431372549,14.7058823529412,3
"2007023",42.643752,-73.107558,"B0039","8/7/2007","RBP kicknet","WESTHIGHLANDS","MassDEP_2019_Bugs",100,32,31.25,8,40,21.875,18.75,2,11,10,16
"2007025",42.623196,-73.140128,"B0498","8/7/2007","RBP kicknet","WESTHIGHLANDS","MassDEP_2019_Bugs",100,24,41.6666666666667,31,19,25,41.6666666666667,15,5,60,22
"2007026",42.596858,-73.14844,"B0037","8/7/2007","RBP kicknet","WESTHIGHLANDS","MassDEP_2019_Bugs",100,23,39.1304347826087,5,29,17.3913043478261,39.1304347826087,7,33,31,19
"2007027",42.734675,-73.218478,"B0626","8/8/2007","RBP kicknet","WESTHIGHLANDS","MassDEP_2019_Bugs",100,26,38.4615384615385,5,48,11.5384615384615,19.2307692307692,0,7,6,15
"2007029.1",42.729316,-73.209217,"B0041","8/8/2007","RBP kicknet","WESTHIGHLANDS","MassDEP_2019_Bugs",108,28,39.2857142857143,3.7037037037037,27.7777777777778,14.2857142857143,17.8571428571429,0,3.7037037037037,9.25925925925926,12
"2007030",42.651974,-73.253047,"B0036","8/8/2007","RBP kicknet","WESTHIGHLANDS","MassDEP_2019_Bugs",100,31,38.7096774193548,4,38,29.0322580645161,38.7096774193548,5,17,19,22
"2007031",42.717024,-73.226605,"B0623","8/9/2007","RBP kicknet","WESTHIGHLANDS","MassDEP_2019_Bugs",104,28,53.5714285714286,2.88461538461538,35.5769230769231,25,50,10.5769230769231,24.0384615384615,33.6538461538462,27
"2007032",42.709021,-73.198048,"B0034","8/9/2007","RBP kicknet","WESTHIGHLANDS","MassDEP_2019_Bugs",100,30,33.3333333333333,3,27,16.6666666666667,16.6666666666667,0,13,5,14
"2007033",42.541632,-73.320055,"B0622","8/9/2007","RBP kicknet","WESTHIGHLANDS","MassDEP_2019_Bugs",102,16,31.25,1.96078431372549,58.8235294117647,6.25,31.25,1.96078431372549,3.92156862745098,8.82352941176471,13
"2007034",42.301613,-73.334214,"B0624","8/28/2007","RBP kicknet","WESTHIGHLANDS","MassDEP_2019_Bugs",105,23,43.4782608695652,12.3809523809524,60.9523809523809,8.69565217391304,13.0434782608696,0,1.9047619047619,15.2380952380952,12
"2007036",42.173409,-73.234815,"B0629","8/28/2007","RBP kicknet","WESTHIGHLANDS","MassDEP_2019_Bugs",100,35,48.5714285714286,17,42,22.8571428571429,34.2857142857143,4,4,28,28
"2007038",42.30139,-73.381158,"B0625","8/28/2007","RBP kicknet","WESTHIGHLANDS","MassDEP_2019_Bugs",104,30,43.3333333333333,8.65384615384615,27.8846153846154,20,26.6666666666667,1.92307692307692,7.69230769230769,24.0384615384615,16
"2007039",42.424483,-73.22528,"B0630","8/29/2007","RBP kicknet","WESTHIGHLANDS","MassDEP_2019_Bugs",106,33,42.4242424242424,8.49056603773585,16.9811320754717,6.06060606060606,24.2424242424242,0.943396226415094,11.3207547169811,16.9811320754717,21
"2007040",42.441153,-73.260133,"B0021","8/29/2007","RBP kicknet","WESTHIGHLANDS","MassDEP_2019_Bugs",105,20,40,6.66666666666667,54.2857142857143,5,5,0,2.85714285714286,5.71428571428571,8
"2007041",42.457253,-73.129759,"B0632","8/29/2007","RBP kicknet","WESTHIGHLANDS","MassDEP_2019_Bugs",105,34,44.1176470588235,14.2857142857143,34.2857142857143,17.6470588235294,20.5882352941176,3.80952380952381,2.85714285714286,20.952380952381,25
"2007042",42.469549,-73.19547,"B0503","8/29/2007","RBP kicknet","WESTHIGHLANDS","MassDEP_2019_Bugs",106,34,26.4705882352941,1.88679245283019,28.3018867924528,17.6470588235294,8.82352941176471,0.943396226415094,10.377358490566,3.77358490566038,11
"2007043",42.484475,-73.148374,"B0633","8/29/2007","RBP kicknet","WESTHIGHLANDS","MassDEP_2019_Bugs",106,34,44.1176470588235,12.2641509433962,45.2830188679245,8.82352941176471,20.5882352941176,0.943396226415094,7.54716981132075,12.2641509433962,20
"2007044.A",42.469683,-73.256511,"B0627","8/29/2007","RBP kicknet","WESTHIGHLANDS","MassDEP_2019_Bugs",109,19,57.8947368421053,6.42201834862385,72.4770642201835,10.5263157894737,21.0526315789474,0,0,11.9266055045872,12
"2007045",42.283352,-73.240883,"B0505","8/30/2007","RBP kicknet","WESTHIGHLANDS","MassDEP_2019_Bugs",107,28,50,10.2803738317757,35.5140186915888,14.2857142857143,21.4285714285714,0.934579439252336,16.8224299065421,13.0841121495327,13
"2007047",42.327933,-73.241153,"B0628","8/30/2007","RBP kicknet","WESTHIGHLANDS","MassDEP_2019_Bugs",109,32,40.625,13.7614678899083,31.1926605504587,15.625,18.75,0.917431192660551,22.9357798165138,5.5045871559633,17
"2008006",42.013379,-71.552837,"B0660","7/7/2008","RBP kicknet","CENTRALHILLS","MassDEP_2019_Bugs",103,21,42.8571428571429,5.8252427184466,52.4271844660194,9.52380952380952,0,0,0.970873786407767,0,5
"2008007",42.039301,-71.514262,"B0089","7/7/2008","RBP kicknet","CENTRALHILLS","MassDEP_2019_Bugs",102,26,53.8461538461538,3.92156862745098,34.3137254901961,23.0769230769231,34.6153846153846,9.80392156862745,1.96078431372549,26.4705882352941,21
"2008008",42.075581,-71.725336,"B0091","7/7/2008","RBP kicknet","CENTRALHILLS","MassDEP_2019_Bugs",105,25,60,7.61904761904762,52.3809523809524,12,20,2.85714285714286,7.61904761904762,24.7619047619048,15
"2008009",42.016789,-71.719714,"B0659","7/8/2008","RBP kicknet","CENTRALHILLS","MassDEP_2019_Bugs",107,23,39.1304347826087,1.86915887850467,20.5607476635514,21.7391304347826,34.7826086956522,16.8224299065421,25.2336448598131,39.2523364485981,15
"2008010",42.117514,-71.719847,"B0656","7/8/2008","RBP kicknet","CENTRALHILLS","MassDEP_2019_Bugs",108,26,26.9230769230769,0,22.2222222222222,34.6153846153846,38.4615384615385,32.4074074074074,33.3333333333333,52.7777777777778,17
"2008011",42.154986,-71.65391,"B0093","7/8/2008","RBP kicknet","CENTRALHILLS","MassDEP_2019_Bugs",96,20,20,0,30.2083333333333,5,5,0,7.29166666666667,4.16666666666667,2
"2008012",42.150106,-71.616387,"B0092","7/8/2008","RBP kicknet","CENTRALHILLS","MassDEP_2019_Bugs",107,25,52,14.018691588785,46.7289719626168,16,28,10.2803738317757,4.67289719626168,19.6261682242991,18
"2008013",42.192425,-71.767152,"B0661","7/8/2008","RBP kicknet","CENTRALHILLS","MassDEP_2019_Bugs",91,11,0,0,9.89010989010989,18.1818181818182,0,0,17.5824175824176,0,0
"2008014",42.241737,-71.803135,"B0097","7/9/2008","RBP kicknet","CENTRALHILLS","MassDEP_2019_Bugs",110,21,9.52380952380952,0,50.9090909090909,9.52380952380952,4.76190476190476,0,2.72727272727273,1.81818181818182,1
"2008015",42.262389,-71.89673,"B0100","7/9/2008","RBP kicknet","CENTRALHILLS","MassDEP_2019_Bugs",100,24,54.1666666666667,1,59,20.8333333333333,20.8333333333333,11,9,17,15
"2008016.A",42.234408,-71.838378,"B0098","7/9/2008","RBP kicknet","CENTRALHILLS","MassDEP_2019_Bugs",103,12,25,0,46.6019417475728,0,0,0,0.970873786407767,0,3
"2008017",42.259773,-71.847506,"B0101","7/9/2008","RBP kicknet","CENTRALHILLS","MassDEP_2019_Bugs",109,23,26.0869565217391,3.6697247706422,55.9633027522936,17.3913043478261,8.69565217391304,0,3.6697247706422,5.5045871559633,8
"2008018",42.2302,-71.710902,"B0658","7/9/2008","RBP kicknet","CENTRALHILLS","MassDEP_2019_Bugs",105,10,30,0,80,20,0,0,10.4761904761905,0,1
"2008019",42.084396,-71.695288,"B0272","7/10/2008","RBP kicknet","CENTRALHILLS","MassDEP_2019_Bugs",107,14,64.2857142857143,17.7570093457944,73.8317757009346,0,21.4285714285714,2.80373831775701,2.80373831775701,20.5607476635514,10
"2008020",42.247038,-72.580391,"B0635","7/21/2008","RBP kicknet","CENTRALHILLS","MassDEP_2019_Bugs",102,24,45.8333333333333,5.88235294117647,51.9607843137255,8.33333333333333,12.5,0.980392156862745,1.96078431372549,4.90196078431373,8
"2008021",42.271047,-72.449711,"B0637","7/21/2008","RBP kicknet","CENTRALHILLS","MassDEP_2019_Bugs",104,27,40.7407407407407,3.84615384615385,40.3846153846154,11.1111111111111,22.2222222222222,4.80769230769231,9.61538461538461,12.5,15
"2008022",42.281853,-72.427215,"B0636","7/21/2008","RBP kicknet","CENTRALHILLS","MassDEP_2019_Bugs",103,21,19.047619047619,0,74.7572815533981,14.2857142857143,14.2857142857143,0,2.9126213592233,2.9126213592233,7
"2008023",42.378563,-72.481277,"B0514","7/21/2008","RBP kicknet","CENTRALHILLS","MassDEP_2019_Bugs",102,33,36.3636363636364,0.980392156862745,23.5294117647059,30.3030303030303,36.3636363636364,25.4901960784314,32.3529411764706,45.0980392156863,23
"2008025",42.292199,-72.733911,"B0641","7/22/2008","RBP kicknet","WESTHIGHLANDS","MassDEP_2019_Bugs",107,28,35.7142857142857,2.80373831775701,42.9906542056075,25,35.7142857142857,6.54205607476636,14.018691588785,41.1214953271028,22
"2008026",42.461465,-72.64309,"B0639","7/22/2008","RBP kicknet","CENTRALHILLS","MassDEP_2019_Bugs",103,28,32.1428571428571,0.970873786407767,40.7766990291262,17.8571428571429,28.5714285714286,14.5631067961165,15.5339805825243,33.0097087378641,19
"2008027",42.31948,-72.665666,"B0634","7/22/2008","RBP kicknet","CENTRALHILLS","MassDEP_2019_Bugs",97,29,51.7241379310345,8.24742268041237,48.4536082474227,20.6896551724138,27.5862068965517,0,6.18556701030928,24.7422680412371,19
"2008029",42.621047,-72.549887,"B0638","7/23/2008","RBP kicknet","CENTRALHILLS","MassDEP_2019_Bugs",100,30,43.3333333333333,2,36,13.3333333333333,23.3333333333333,0,27,22,18
"2008030.A",42.722046,-72.587018,"B0640","7/23/2008","RBP kicknet","CENTRALHILLS","MassDEP_2019_Bugs",97,33,48.4848484848485,3.09278350515464,13.4020618556701,36.3636363636364,39.3939393939394,12.3711340206186,29.8969072164948,26.8041237113402,28
"2008031",42.374876,-71.826431,"B0083","8/4/2008","RBP kicknet","CENTRALHILLS","MassDEP_2019_Bugs",100,38,28.9473684210526,7,33,10.5263157894737,18.4210526315789,0,5,12,18
"2008032",42.364846,-71.775829,"B0662","8/4/2008","RBP kicknet","CENTRALHILLS","MassDEP_2019_Bugs",102,32,31.25,0,16.6666666666667,25,28.125,1.96078431372549,2.94117647058824,21.5686274509804,20
"2008033",42.340207,-71.745388,"B0664","8/4/2008","RBP kicknet","CENTRALHILLS","MassDEP_2019_Bugs",93,29,37.9310344827586,0,33.3333333333333,17.2413793103448,41.3793103448276,10.752688172043,11.8279569892473,36.5591397849462,20
"2008034",42.365314,-71.882046,"B0665","8/5/2008","RBP kicknet","CENTRALHILLS","MassDEP_2019_Bugs",109,21,19.047619047619,2.75229357798165,53.2110091743119,14.2857142857143,9.52380952380952,0,12.8440366972477,5.5045871559633,8
"2008035",42.529673,-71.751737,"B0667","8/5/2008","RBP kicknet","CENTRALHILLS","MassDEP_2019_Bugs",107,18,44.4444444444444,1.86915887850467,69.1588785046729,11.1111111111111,11.1111111111111,0,16.8224299065421,3.73831775700935,8
"2008036",42.352616,-71.840537,"B0666","8/5/2008","RBP kicknet","CENTRALHILLS","MassDEP_2019_Bugs",102,27,22.2222222222222,0.980392156862745,61.7647058823529,18.5185185185185,11.1111111111111,0.980392156862745,12.7450980392157,4.90196078431373,10
"2008037",42.582376,-71.903096,"B0668","8/25/2008","RBP kicknet","CENTRALHILLS","MassDEP_2019_Bugs",105,31,32.258064516129,10.4761904761905,31.4285714285714,22.5806451612903,25.8064516129032,2.85714285714286,29.5238095238095,19.047619047619,18
"2008039",42.543979,-71.656803,"B0663","8/25/2008","RBP kicknet","CENTRALHILLS","MassDEP_2019_Bugs",110,28,42.8571428571429,5.45454545454545,46.3636363636364,10.7142857142857,14.2857142857143,4.54545454545455,3.63636363636364,8.18181818181818,10
"2008040",42.690298,-71.589574,"B0087","8/25/2008","RBP kicknet","CENTRALHILLS","MassDEP_2019_Bugs",106,27,44.4444444444444,7.54716981132075,66.9811320754717,22.2222222222222,18.5185185185185,0.943396226415094,3.77358490566038,22.6415094339623,12
"2008041",42.601113,-71.628302,"B0079","8/26/2008","RBP kicknet","CENTRALHILLS","MassDEP_2019_Bugs",100,25,48,4,43,24,24,5,10,12,17
"2008042",42.715824,-71.551328,"B0086","8/26/2008","RBP kicknet","CENTRALHILLS","MassDEP_2019_Bugs",108,25,56,4.62962962962963,62.962962962963,4,28,0.925925925925926,3.7037037037037,15.7407407407407,19
"2008043.A",42.556972,-71.612278,"B0078","8/26/2008","RBP kicknet","CENTRALHILLS","MassDEP_2019_Bugs",100,21,52.3809523809524,3,60,0,14.2857142857143,0,4,17,10
"2008044",42.479448,-72.224755,"B0653","9/4/2008","RBP kicknet","CENTRALHILLS","MassDEP_2019_Bugs",107,29,41.3793103448276,14.9532710280374,28.0373831775701,27.5862068965517,34.4827586206897,1.86915887850467,2.80373831775701,33.6448598130841,20
"2008045",42.443434,-72.187273,"B0654","9/4/2008","RBP kicknet","CENTRALHILLS","MassDEP_2019_Bugs",103,39,48.7179487179487,9.70873786407767,27.1844660194175,20.5128205128205,38.4615384615385,9.70873786407767,8.7378640776699,35.9223300970874,32
"2008046",42.308768,-72.212483,"B0669","9/4/2008","RBP kicknet","CENTRALHILLS","MassDEP_2019_Bugs",100,30,36.6666666666667,12,18,13.3333333333333,30,4,3,17,19
"2008047",42.239314,-72.286989,"B0104","9/4/2008","RBP kicknet","CENTRALHILLS","MassDEP_2019_Bugs",104,25,60,8.65384615384615,34.6153846153846,24,32,3.84615384615385,0.961538461538462,29.8076923076923,17
"2008048",42.16063,-72.510199,"B0655","9/4/2008","RBP kicknet","CENTRALHILLS","MassDEP_2019_Bugs",100,19,57.8947368421053,7,53,0,26.3157894736842,0,0,8,13
"2008049",42.45447,-71.951819,"B0652","9/9/2008","RBP kicknet","CENTRALHILLS","MassDEP_2019_Bugs",100,29,24.1379310344828,12,32,27.5862068965517,31.0344827586207,6,5,31,18
"2008050",42.262259,-71.994101,"B0651","9/9/2008","RBP kicknet","CENTRALHILLS","MassDEP_2019_Bugs",99,29,48.2758620689655,13.1313131313131,58.5858585858586,20.6896551724138,27.5862068965517,6.06060606060606,5.05050505050505,16.1616161616162,20
"2008051",42.263816,-72.004881,"B0643","9/9/2008","RBP kicknet","CENTRALHILLS","MassDEP_2019_Bugs",99,24,50,13.1313131313131,53.5353535353535,16.6666666666667,16.6666666666667,5.05050505050505,7.07070707070707,12.1212121212121,13
"2008052",42.282196,-72.391876,"B0650","9/10/2008","RBP kicknet","CENTRALHILLS","MassDEP_2019_Bugs",101,33,36.3636363636364,13.8613861386139,17.8217821782178,21.2121212121212,30.3030303030303,2.97029702970297,11.8811881188119,34.6534653465347,27
"2008055",42.153512,-72.259335,"B0648","9/10/2008","RBP kicknet","CENTRALHILLS","MassDEP_2019_Bugs",107,28,32.1428571428571,0.934579439252336,21.4953271028037,25,35.7142857142857,28.0373831775701,31.7757009345794,49.5327102803738,21
"2008056",42.247729,-72.074735,"B0107","9/10/2008","RBP kicknet","CENTRALHILLS","MassDEP_2019_Bugs",99,15,33.3333333333333,4.04040404040404,43.4343434343434,0,13.3333333333333,0,11.1111111111111,4.04040404040404,6
"2008057",42.148359,-72.401061,"B0644","9/17/2008","RBP kicknet","CENTRALHILLS","MassDEP_2019_Bugs",104,33,57.5757575757576,10.5769230769231,48.0769230769231,9.09090909090909,30.3030303030303,2.88461538461538,2.88461538461538,23.0769230769231,24
"2008058",42.210156,-72.245515,"B0647","9/25/2008","RBP kicknet","CENTRALHILLS","MassDEP_2019_Bugs",101,29,62.0689655172414,10.8910891089109,47.5247524752475,6.89655172413793,27.5862068965517,1.98019801980198,1.98019801980198,13.8613861386139,18
"2008059",42.182083,-72.263174,"B0646","9/25/2008","RBP kicknet","CENTRALHILLS","MassDEP_2019_Bugs",101,38,42.1052631578947,6.93069306930693,46.5346534653465,15.7894736842105,21.0526315789474,4.95049504950495,7.92079207920792,13.8613861386139,23
"2008060",42.223382,-72.045729,"B0642","9/25/2008","RBP kicknet","CENTRALHILLS","MassDEP_2019_Bugs",105,29,48.2758620689655,1.9047619047619,40,13.7931034482759,13.7931034482759,8.57142857142857,3.80952380952381,8.57142857142857,15
"2009017",42.120516,-71.164263,"B0143","7/13/2009","RBP kicknet","CENTRALHILLS","MassDEP_2019_Bugs",100,23,39.1304347826087,5,66,4.34782608695652,13.0434782608696,0,3,16,8
"2009018",42.192606,-71.279397,"B0140","7/13/2009","RBP kicknet","CENTRALHILLS","MassDEP_2019_Bugs",105,27,14.8148148148148,0.952380952380952,22.8571428571429,11.1111111111111,18.5185185185185,0,1.9047619047619,8.57142857142857,13
"2009019",42.134516,-71.176228,"B0139","7/13/2009","RBP kicknet","CENTRALHILLS","MassDEP_2019_Bugs",101,21,38.0952380952381,0.99009900990099,28.7128712871287,9.52380952380952,33.3333333333333,8.91089108910891,12.8712871287129,40.5940594059406,16
"2009020",42.131125,-71.129365,"B0780","7/14/2009","RBP kicknet","CENTRALHILLS","MassDEP_2019_Bugs",107,20,40,1.86915887850467,43.9252336448598,5,15,0,0.934579439252336,10.2803738317757,10
"2009021",42.139988,-71.138705,"B0759","7/14/2009","RBP kicknet","CENTRALHILLS","MassDEP_2019_Bugs",104,18,33.3333333333333,2.88461538461538,50,5.55555555555556,16.6666666666667,0,3.84615384615385,5.76923076923077,9
"2009022",42.192311,-71.148237,"B0760","7/14/2009","RBP kicknet","CENTRALHILLS","MassDEP_2019_Bugs",100,21,14.2857142857143,0,30,4.76190476190476,4.76190476190476,0,11,2,5
"2009023",42.203655,-71.136141,"B0761","7/14/2009","RBP kicknet","CENTRALHILLS","MassDEP_2019_Bugs",109,22,22.7272727272727,0,34.8623853211009,0,9.09090909090909,0,2.75229357798165,2.75229357798165,7
"2009024",42.179096,-71.187894,"B0762","7/14/2009","RBP kicknet","CENTRALHILLS","MassDEP_2019_Bugs",100,10,0,0,2,10,0,0,5,0,0
"2009025",42.148564,-71.253172,"B0763","7/15/2009","RBP kicknet","CENTRALHILLS","MassDEP_2019_Bugs",100,19,15.7894736842105,0,70,5.26315789473684,0,0,8,0,2
"2009026.A",42.192993,-71.242366,"B0764","7/15/2009","RBP kicknet","CENTRALHILLS","MassDEP_2019_Bugs",101,20,20,0,35.6435643564356,15,5,0,3.96039603960396,7.92079207920792,4
"2009027.A",42.210339,-70.859948,"B0747","7/17/2009","RBP kicknet","CENTRALHILLS","MassDEP_2019_Bugs",106,19,36.8421052631579,0.943396226415094,13.2075471698113,5.26315789473684,26.3157894736842,6.60377358490566,10.377358490566,12.2641509433962,9
"2009028",42.191298,-70.865204,"B0748","7/17/2009","RBP kicknet","CENTRALHILLS","MassDEP_2019_Bugs",92,9,11.1111111111111,0,7.60869565217391,22.2222222222222,0,0,0,0,0
"2009029",42.241809,-70.859619,"B0758","7/17/2009","RBP kicknet","CENTRALHILLS","MassDEP_2019_Bugs",100,21,33.3333333333333,4,27,4.76190476190476,9.52380952380952,1,3,4,7
"2009030",42.257022,-71.011578,"B0744","7/20/2009","RBP kicknet","CENTRALHILLS","MassDEP_2019_Bugs",100,17,11.7647058823529,0,37,5.88235294117647,0,0,1,0,1
"2009031",42.248219,-70.997025,"B0745","7/20/2009","RBP kicknet","CENTRALHILLS","MassDEP_2019_Bugs",108,20,10,0,41.6666666666667,15,0,0,0.925925925925926,0,1
"2009032",42.220963,-70.980182,"B0746","7/20/2009","RBP kicknet","CENTRALHILLS","MassDEP_2019_Bugs",98,13,23.0769230769231,0,64.2857142857143,0,7.69230769230769,0,1.02040816326531,23.469387755102,2
"2009033",42.181716,-70.935828,"B0750","7/20/2009","RBP kicknet","CENTRALHILLS","MassDEP_2019_Bugs",100,19,31.5789473684211,1,13,5.26315789473684,15.7894736842105,0,1,4,8
"2009034",42.151249,-71.040475,"B0751","7/23/2009","RBP kicknet","CENTRALHILLS","MassDEP_2019_Bugs",108,16,31.25,0,66.6666666666667,12.5,25,1.85185185185185,1.85185185185185,16.6666666666667,7
"2009035",42.183644,-71.011084,"B0753","7/23/2009","RBP kicknet","CENTRALHILLS","MassDEP_2019_Bugs",100,13,15.3846153846154,0,33,0,0,0,0,0,2
"2009036",42.188429,-70.901564,"B0749","7/23/2009","RBP kicknet","CENTRALHILLS","MassDEP_2019_Bugs",107,18,27.7777777777778,0,25.2336448598131,16.6666666666667,27.7777777777778,7.47663551401869,7.47663551401869,15.8878504672897,9
"2009037",42.199141,-71.024041,"B0752","7/23/2009","RBP kicknet","CENTRALHILLS","MassDEP_2019_Bugs",100,17,17.6470588235294,0,72,11.7647058823529,5.88235294117647,0,1,3,2
"2009038",42.457763,-71.140341,"B0754","8/6/2009","RBP kicknet","CENTRALHILLS","MassDEP_2019_Bugs",105,9,22.2222222222222,0,83.8095238095238,11.1111111111111,0,0,1.9047619047619,0,1
"2009039",42.446835,-71.138747,"B0131","8/6/2009","RBP kicknet","CENTRALHILLS","MassDEP_2019_Bugs",105,10,20,0,78.0952380952381,20,10,0,5.71428571428571,1.9047619047619,2
"2009040.A",42.485469,-71.120552,"B0755","8/6/2009","RBP kicknet","CENTRALHILLS","MassDEP_2019_Bugs",100,14,14.2857142857143,0,67,21.4285714285714,0,0,14,0,0
"2009041",42.471367,-71.174227,"B0756","8/6/2009","RBP kicknet","CENTRALHILLS","MassDEP_2019_Bugs",106,16,12.5,0,24.5283018867925,6.25,6.25,0,1.88679245283019,1.88679245283019,2
"2009042",42.394225,-71.172253,"B0757","8/7/2009","RBP kicknet","CENTRALHILLS","MassDEP_2019_Bugs",90,17,0,0,0,11.7647058823529,0,0,8.88888888888889,0,1
"2009043",42.417835,-71.158546,"B0130","8/7/2009","RBP kicknet","CENTRALHILLS","MassDEP_2019_Bugs",100,13,15.3846153846154,0,40,30.7692307692308,0,0,0,0,0
"2009048",42.158584,-71.207806,"B0142","9/18/2009","RBP kicknet","CENTRALHILLS","MassDEP_2019_Bugs",104,19,36.8421052631579,0,17.3076923076923,15.7894736842105,36.8421052631579,2.88461538461538,0.961538461538462,34.6153846153846,15
"2010007",42.599846,-71.193067,"B0696","7/8/2010","RBP kicknet","CENTRALHILLS","MassDEP_2019_Bugs",100,23,43.4782608695652,3,64,4.34782608695652,21.7391304347826,0,13,10,13
"2010010",42.328537,-71.676575,"B0672","7/13/2010","RBP kicknet","CENTRALHILLS","MassDEP_2019_Bugs",100,22,18.1818181818182,0,62,9.09090909090909,9.09090909090909,1,2,7,6
"2010011.A",42.467398,-71.428426,"B0692","7/13/2010","RBP kicknet","CENTRALHILLS","MassDEP_2019_Bugs",104,19,26.3157894736842,0,36.5384615384615,10.5263157894737,10.5263157894737,0.961538461538462,0.961538461538462,5.76923076923077,6
"2010012",42.333324,-71.68017,"B0697","7/13/2010","RBP kicknet","CENTRALHILLS","MassDEP_2019_Bugs",110,23,21.7391304347826,0,62.7272727272727,21.7391304347826,8.69565217391304,0,2.72727272727273,8.18181818181818,5
"2010013.A",42.52482,-70.920712,"B0681","7/14/2010","RBP kicknet","CENTRALHILLS","MassDEP_2019_Bugs",108,8,25,0,6.48148148148148,0,0,0,2.77777777777778,0,0
"2010015",42.746485,-71.040708,"B0688","7/15/2010","RBP kicknet","CENTRALHILLS","MassDEP_2019_Bugs",93,20,30,0,68.8172043010753,15,15,1.0752688172043,6.45161290322581,6.45161290322581,9
"2010018",42.546252,-71.252721,"B0694","7/19/2010","RBP kicknet","CENTRALHILLS","MassDEP_2019_Bugs",99,19,10.5263157894737,0,32.3232323232323,15.7894736842105,10.5263157894737,0,2.02020202020202,13.1313131313131,6
"2010021",42.1214,-71.452513,"B0684","7/21/2010","RBP kicknet","CENTRALHILLS","MassDEP_2019_Bugs",100,16,43.75,1,26,12.5,18.75,0,1,6,10
"2010024",42.304872,-71.489025,"B0698","7/22/2010","RBP kicknet","CENTRALHILLS","MassDEP_2019_Bugs",104,14,14.2857142857143,0,70.1923076923077,21.4285714285714,0,0,9.61538461538461,0,1
"2010030",42.150629,-71.428909,"B0690","8/2/2010","RBP kicknet","CENTRALHILLS","MassDEP_2019_Bugs",102,20,30,0.980392156862745,64.7058823529412,25,15,0,7.84313725490196,2.94117647058824,6
"2011009",42.677311,-71.940768,"B0717","7/5/2011","RBP kicknet","CENTRALHILLS","MassDEP_2019_Bugs",101,24,25,5.94059405940594,19.8019801980198,16.6666666666667,25,8.91089108910891,9.9009900990099,19.8019801980198,13
"2011010.A",42.590409,-71.863344,"B0729","7/5/2011","RBP kicknet","CENTRALHILLS","MassDEP_2019_Bugs",95,27,40.7407407407407,3.15789473684211,18.9473684210526,29.6296296296296,33.3333333333333,3.15789473684211,2.10526315789474,13.6842105263158,16
"2011011",42.582132,-71.902605,"B0716","7/5/2011","RBP kicknet","CENTRALHILLS","MassDEP_2019_Bugs",99,28,39.2857142857143,6.06060606060606,55.5555555555556,14.2857142857143,28.5714285714286,2.02020202020202,2.02020202020202,18.1818181818182,17
"2011012",42.657151,-72.13291,"B0735","7/6/2011","RBP kicknet","CENTRALHILLS","MassDEP_2019_Bugs",101,18,16.6666666666667,0,58.4158415841584,11.1111111111111,11.1111111111111,0,5.94059405940594,1.98019801980198,4
"2011014",42.526618,-71.756915,"B0703","7/6/2011","RBP kicknet","CENTRALHILLS","MassDEP_2019_Bugs",110,24,41.6666666666667,0.909090909090909,69.0909090909091,8.33333333333333,8.33333333333333,0,7.27272727272727,1.81818181818182,10
"2011015",42.61498,-72.40184,"B0715","7/7/2011","RBP kicknet","CENTRALHILLS","MassDEP_2019_Bugs",102,34,44.1176470588235,0.980392156862745,14.7058823529412,29.4117647058824,35.2941176470588,12.7450980392157,25.4901960784314,32.3529411764706,24
"2011016",42.556236,-72.231027,"B0720","7/7/2011","RBP kicknet","CENTRALHILLS","MassDEP_2019_Bugs",100,27,48.1481481481481,0,34,18.5185185185185,48.1481481481481,15,16,37,25
"2011017",42.642539,-72.257365,"B0718","7/7/2011","RBP kicknet","CENTRALHILLS","MassDEP_2019_Bugs",109,34,29.4117647058824,4.58715596330275,43.1192660550459,14.7058823529412,29.4117647058824,1.8348623853211,2.75229357798165,14.6788990825688,21
"2011018",42.531927,-71.579109,"B0725","7/11/2011","RBP kicknet","CENTRALHILLS","MassDEP_2019_Bugs",100,18,33.3333333333333,7,78,22.2222222222222,22.2222222222222,1,1,10,7
"2011019",42.553083,-71.669474,"B0708","7/11/2011","RBP kicknet","CENTRALHILLS","MassDEP_2019_Bugs",102,8,37.5,11.7647058823529,84.3137254901961,12.5,12.5,0,0,11.7647058823529,3
"2011020",42.476923,-71.723785,"B0732","7/11/2011","RBP kicknet","CENTRALHILLS","MassDEP_2019_Bugs",108,30,33.3333333333333,8.33333333333333,38.8888888888889,20,40,4.62962962962963,5.55555555555556,26.8518518518519,19
"2011021",42.62532,-72.195029,"B0706","7/12/2011","RBP kicknet","CENTRALHILLS","MassDEP_2019_Bugs",100,37,37.8378378378378,3,22,24.3243243243243,48.6486486486486,10,22,36,30
"2011022",42.578712,-71.829957,"B0721","7/12/2011","RBP kicknet","CENTRALHILLS","MassDEP_2019_Bugs",108,32,53.125,6.48148148148148,49.0740740740741,9.375,12.5,2.77777777777778,2.77777777777778,9.25925925925926,16
"2011023",42.061511,-72.064542,"B0734","7/13/2011","RBP kicknet","CENTRALHILLS","MassDEP_2019_Bugs",102,34,32.3529411764706,3.92156862745098,20.5882352941176,20.5882352941176,35.2941176470588,13.7254901960784,8.82352941176471,31.3725490196078,25
"2011024",42.076742,-72.02541,"B0711","7/13/2011","RBP kicknet","CENTRALHILLS","MassDEP_2019_Bugs",102,33,42.4242424242424,0.980392156862745,28.4313725490196,15.1515151515152,21.2121212121212,2.94117647058824,10.7843137254902,15.6862745098039,19
"2011025",42.164267,-71.948856,"B0722","7/13/2011","RBP kicknet","CENTRALHILLS","MassDEP_2019_Bugs",106,31,32.258064516129,11.3207547169811,12.2641509433962,16.1290322580645,19.3548387096774,1.88679245283019,13.2075471698113,17.9245283018868,18
"2011026",42.104548,-71.928798,"B0709","7/14/2011","RBP kicknet","CENTRALHILLS","MassDEP_2019_Bugs",96,19,31.5789473684211,4.16666666666667,44.7916666666667,15.7894736842105,15.7894736842105,1.04166666666667,27.0833333333333,6.25,6
"2011027",42.202911,-71.856173,"B0704","7/14/2011","RBP kicknet","CENTRALHILLS","MassDEP_2019_Bugs",103,12,16.6666666666667,0,57.2815533980583,8.33333333333333,0,0,9.70873786407767,0,1
"2011028.A",42.208366,-71.69757,"B0710","7/14/2011","RBP kicknet","CENTRALHILLS","MassDEP_2019_Bugs",106,9,44.4444444444444,1.88679245283019,86.7924528301887,11.1111111111111,11.1111111111111,0,3.77358490566038,1.88679245283019,3
"2011029",42.239095,-71.825842,"B0724","7/14/2011","RBP kicknet","CENTRALHILLS","MassDEP_2019_Bugs",105,21,19.047619047619,0,71.4285714285714,14.2857142857143,9.52380952380952,0,1.9047619047619,3.80952380952381,5
"2011031",42.057726,-72.187518,"B0713","7/18/2011","RBP kicknet","CENTRALHILLS","MassDEP_2019_Bugs",106,28,35.7142857142857,10.377358490566,29.2452830188679,25,42.8571428571429,7.54716981132075,9.43396226415094,50,22
"2011032",42.136934,-72.103133,"B0726","7/18/2011","RBP kicknet","CENTRALHILLS","MassDEP_2019_Bugs",107,37,29.7297297297297,10.2803738317757,24.2990654205607,18.9189189189189,24.3243243243243,7.47663551401869,21.4953271028037,25.2336448598131,24
"2011037",42.667407,-72.004141,"B0731","7/20/2011","RBP kicknet","CENTRALHILLS","MassDEP_2019_Bugs",100,24,29.1666666666667,5,62,20.8333333333333,16.6666666666667,1,1,16,9
"2011042",42.029322,-71.605422,"B0727","7/25/2011","RBP kicknet","CENTRALHILLS","MassDEP_2019_Bugs",103,30,26.6666666666667,1.94174757281553,29.126213592233,23.3333333333333,20,8.7378640776699,10.6796116504854,22.3300970873786,17
"2012014",42.086216,-72.727932,"B0813","7/10/2012","RBP kicknet","CENTRALHILLS","MassDEP_2019_Bugs",103,21,47.6190476190476,0.970873786407767,66.9902912621359,9.52380952380952,23.8095238095238,0,3.88349514563107,13.5922330097087,10
"2012016",42.047599,-73.016997,"B0787","7/10/2012","RBP kicknet","WESTHIGHLANDS","MassDEP_2019_Bugs",110,36,50,9.09090909090909,26.3636363636364,25,44.4444444444444,19.0909090909091,25.4545454545455,43.6363636363636,33
"2012018",42.10614,-73.48299,"B0816","7/11/2012","RBP kicknet","WESTHIGHLANDS","MassDEP_2019_Bugs",101,23,60.8695652173913,1.98019801980198,11.8811881188119,17.3913043478261,43.4782608695652,18.8118811881188,40.5940594059406,26.7326732673267,24
"2012019",42.113803,-73.232313,"B0804","7/11/2012","RBP kicknet","WESTHIGHLANDS","MassDEP_2019_Bugs",104,30,56.6666666666667,7.69230769230769,38.4615384615385,16.6666666666667,33.3333333333333,6.73076923076923,10.5769230769231,29.8076923076923,24
"2012021",42.247763,-73.280346,"B0789","7/11/2012","RBP kicknet","WESTHIGHLANDS","MassDEP_2019_Bugs",103,33,48.4848484848485,11.6504854368932,37.8640776699029,15.1515151515152,39.3939393939394,7.76699029126214,8.7378640776699,48.5436893203884,30
"2012022",42.272112,-73.27398,"B0803","7/11/2012","RBP kicknet","WESTHIGHLANDS","MassDEP_2019_Bugs",105,32,46.875,1.9047619047619,20,9.375,25,3.80952380952381,15.2380952380952,10.4761904761905,24
"2012024",42.169521,-72.973683,"B0794","7/12/2012","RBP kicknet","WESTHIGHLANDS","MassDEP_2019_Bugs",97,30,36.6666666666667,12.3711340206186,43.298969072165,20,30,5.15463917525773,10.3092783505155,25.7731958762887,21
"2012027",42.237185,-72.887118,"B0175","7/17/2012","RBP kicknet","WESTHIGHLANDS","MassDEP_2019_Bugs",96,38,50,15.625,39.5833333333333,23.6842105263158,26.3157894736842,4.16666666666667,5.20833333333333,29.1666666666667,23
"2012028",42.260688,-72.878683,"B0807","7/17/2012","RBP kicknet","WESTHIGHLANDS","MassDEP_2019_Bugs",108,22,59.0909090909091,20.3703703703704,65.7407407407407,4.54545454545455,18.1818181818182,0,0,20.3703703703704,13
"2012029",42.305982,-73.011471,"B0791","7/17/2012","RBP kicknet","WESTHIGHLANDS","MassDEP_2019_Bugs",105,44,54.5454545454545,25.7142857142857,34.2857142857143,20.4545454545455,40.9090909090909,3.80952380952381,5.71428571428571,46.6666666666667,38
"2012030",42.357209,-73.354143,"B0809","7/18/2012","RBP kicknet","WESTHIGHLANDS","MassDEP_2019_Bugs",104,38,44.7368421052632,17.3076923076923,31.7307692307692,13.1578947368421,31.5789473684211,5.76923076923077,8.65384615384615,34.6153846153846,26
"2012031",42.451912,-73.30162,"B0783","7/18/2012","RBP kicknet","WESTHIGHLANDS","MassDEP_2019_Bugs",98,22,40.9090909090909,30.6122448979592,50,22.7272727272727,36.3636363636364,4.08163265306122,5.10204081632653,44.8979591836735,16
"2012032",42.47392,-73.141208,"B0795","7/18/2012","RBP kicknet","WESTHIGHLANDS","MassDEP_2019_Bugs",110,41,29.2682926829268,16.3636363636364,24.5454545454545,14.6341463414634,12.1951219512195,2.72727272727273,9.09090909090909,13.6363636363636,20
"2012033.BR",42.40227,-72.979591,"B0799","7/18/2012","RBP kicknet","WESTHIGHLANDS","MassDEP_2019_Bugs",100,35,48.5714285714286,9,32,11.4285714285714,25.7142857142857,8,23,25,25
"2012034",42.245391,-73.113919,"B0811","7/18/2012","RBP kicknet","WESTHIGHLANDS","MassDEP_2019_Bugs",101,34,50,36.6336633663366,40.5940594059406,26.4705882352941,38.2352941176471,4.95049504950495,7.92079207920792,49.5049504950495,29
"2012035",42.452473,-72.878272,"B0810","7/19/2012","RBP kicknet","WESTHIGHLANDS","MassDEP_2019_Bugs",102,29,55.1724137931034,25.4901960784314,44.1176470588235,17.2413793103448,31.0344827586207,2.94117647058824,7.84313725490196,27.4509803921569,21
"2012036",42.406243,-72.887665,"B0784","7/19/2012","RBP kicknet","WESTHIGHLANDS","MassDEP_2019_Bugs",95,34,26.4705882352941,10.5263157894737,15.7894736842105,11.7647058823529,17.6470588235294,1.05263157894737,18.9473684210526,11.5789473684211,14
"2012037",42.382089,-72.812551,"B0808","7/19/2012","RBP kicknet","WESTHIGHLANDS","MassDEP_2019_Bugs",99,28,32.1428571428571,22.2222222222222,50.5050505050505,17.8571428571429,25,2.02020202020202,9.09090909090909,28.2828282828283,17
"2012038",42.508302,-72.698707,"B0797","7/24/2012","RBP kicknet","WESTHIGHLANDS","MassDEP_2019_Bugs",108,35,62.8571428571429,10.1851851851852,34.2592592592593,20,31.4285714285714,2.77777777777778,3.7037037037037,15.7407407407407,30
"2012039",42.511527,-72.801051,"B0790","7/24/2012","RBP kicknet","WESTHIGHLANDS","MassDEP_2019_Bugs",100,22,27.2727272727273,1,36,13.6363636363636,18.1818181818182,0,5,20,11
"2012040",42.541412,-72.8842,"B0781","7/24/2012","RBP kicknet","WESTHIGHLANDS","MassDEP_2019_Bugs",110,35,51.4285714285714,6.36363636363636,20.9090909090909,25.7142857142857,51.4285714285714,18.1818181818182,19.0909090909091,44.5454545454545,30
"2012041",42.551606,-73.014609,"B0806","7/24/2012","RBP kicknet","WESTHIGHLANDS","MassDEP_2019_Bugs",94,34,41.1764705882353,15.9574468085106,28.7234042553191,14.7058823529412,38.2352941176471,4.25531914893617,19.1489361702128,28.7234042553191,26
"2012042",42.386488,-73.259408,"B0822","7/25/2012","RBP kicknet","WESTHIGHLANDS","MassDEP_2019_Bugs",100,21,38.0952380952381,7,42,23.8095238095238,19.047619047619,4,21,23,13
"2012043",42.545032,-73.312753,"B0793","7/25/2012","RBP kicknet","WESTHIGHLANDS","MassDEP_2019_Bugs",104,22,40.9090909090909,4.80769230769231,42.3076923076923,22.7272727272727,22.7272727272727,7.69230769230769,10.5769230769231,27.8846153846154,16
"2012044",42.657895,-73.201668,"B0815","7/25/2012","RBP kicknet","WESTHIGHLANDS","MassDEP_2019_Bugs",96,33,51.5151515151515,7.29166666666667,37.5,18.1818181818182,36.3636363636364,8.33333333333333,12.5,27.0833333333333,26
"2012045",42.702898,-73.200198,"B0802","7/25/2012","RBP kicknet","WESTHIGHLANDS","MassDEP_2019_Bugs",101,41,51.219512195122,15.8415841584158,30.6930693069307,12.1951219512195,31.7073170731707,3.96039603960396,4.95049504950495,25.7425742574257,29
"2012046",42.669542,-73.103711,"B0798","7/25/2012","RBP kicknet","WESTHIGHLANDS","MassDEP_2019_Bugs",103,33,36.3636363636364,8.7378640776699,16.504854368932,12.1212121212121,18.1818181818182,3.88349514563107,2.9126213592233,12.621359223301,17
"2012050.A",42.674169,-72.733528,"B0782","8/8/2012","RBP kicknet","WESTHIGHLANDS","MassDEP_2019_Bugs",108,34,50,9.25925925925926,49.0740740740741,11.7647058823529,26.4705882352941,5.55555555555556,9.25925925925926,23.1481481481481,23
"2012051",42.639081,-72.724373,"B0814","8/8/2012","RBP kicknet","WESTHIGHLANDS","MassDEP_2019_Bugs",107,28,50,1.86915887850467,41.1214953271028,10.7142857142857,17.8571428571429,0,17.7570093457944,4.67289719626168,13
"2012052",42.673276,-72.612642,"B0800","8/13/2012","RBP kicknet","WESTHIGHLANDS","MassDEP_2019_Bugs",103,24,50,1.94174757281553,48.5436893203884,16.6666666666667,50,5.8252427184466,12.621359223301,61.1650485436893,22
"2012053",42.628268,-72.644858,"B0812","8/13/2012","RBP kicknet","WESTHIGHLANDS","MassDEP_2019_Bugs",104,28,50,4.80769230769231,21.1538461538462,17.8571428571429,35.7142857142857,1.92307692307692,4.80769230769231,21.1538461538462,24
"2012055",42.732054,-72.719457,"B0792","9/4/2012","RBP kicknet","WESTHIGHLANDS","MassDEP_2019_Bugs",109,32,65.625,33.9449541284404,35.7798165137615,12.5,37.5,5.5045871559633,3.6697247706422,25.6880733944954,27
"2012056.R",42.639199,-72.938084,"B0788","9/4/2012","RBP kicknet","WESTHIGHLANDS","MassDEP_2019_Bugs",100,30,43.3333333333333,12,44,10,23.3333333333333,2,5,11,19
"2013040.R",42.421301,-71.169094,"B0859","7/29/2013","RBP kicknet","CENTRALHILLS","MassDEP_2019_Bugs",100,17,11.7647058823529,0,22,11.7647058823529,0,0,7,0,1
"2013047.AR",42.00792,-71.70506,"B0829","8/1/2013","RBP kicknet","CENTRALHILLS","MassDEP_2019_Bugs",100,32,31.25,11,22,18.75,28.125,6,8,30,22
"2013049.R",42.167827,-72.949352,"B0740","8/5/2013","RBP kicknet","WESTHIGHLANDS","MassDEP_2019_Bugs",99,33,51.5151515151515,21.2121212121212,25.2525252525253,18.1818181818182,39.3939393939394,7.07070707070707,27.2727272727273,40.4040404040404,30
"2013054.R",42.716437,-72.669532,"B0560","8/6/2013","RBP kicknet","WESTHIGHLANDS","MassDEP_2019_Bugs",100,39,41.025641025641,6,42,15.3846153846154,20.5128205128205,5,10,10,26
"2013059.R",42.383816,-71.837751,"B0743","8/8/2013","RBP kicknet","CENTRALHILLS","MassDEP_2019_Bugs",100,35,37.1428571428571,6,30,17.1428571428571,31.4285714285714,7,8,31,27
"2013066.R",42.114757,-72.718641,"B0904","9/11/2013","RBP kicknet","CENTRALHILLS","MassDEP_2019_Bugs",100,22,63.6363636363636,1,42,0,18.1818181818182,0,1,21,12
"2014005.R",42.706137,-71.751964,"B0867","7/7/2014","RBP kicknet","CENTRALHILLS","MassDEP_2019_Bugs",100,23,21.7391304347826,0,15,17.3913043478261,26.0869565217391,14,21,21,12
"2014008.R",42.273174,-71.974994,"B0889","7/8/2014","RBP kicknet","CENTRALHILLS","MassDEP_2019_Bugs",100,14,50,4,86,0,21.4285714285714,1,4,5,5
"2014009.R",42.408864,-71.981793,"B0890","7/8/2014","RBP kicknet","CENTRALHILLS","MassDEP_2019_Bugs",100,32,18.75,2,31,9.375,28.125,3,11,23,19
"2014011.R",42.469994,-72.322599,"B0901","7/10/2014","RBP kicknet","CENTRALHILLS","MassDEP_2019_Bugs",100,36,44.4444444444444,2,17,16.6666666666667,38.8888888888889,13,19,27,29
"2014012.R",42.442071,-72.368693,"B0891","7/10/2014","RBP kicknet","CENTRALHILLS","MassDEP_2019_Bugs",100,32,34.375,4,13,21.875,37.5,9,11,28,26
"2014016.R",42.046385,-71.630154,"B0819","7/15/2014","RBP kicknet","CENTRALHILLS","MassDEP_2019_Bugs",100,30,33.3333333333333,2,32,20,33.3333333333333,8,7,22,20
"2014018.R",42.034815,-72.161586,"B0737","7/15/2014","RBP kicknet","CENTRALHILLS","MassDEP_2019_Bugs",100,35,42.8571428571429,25,26,17.1428571428571,37.1428571428571,4,2,38,28
"2014021.R",42.260764,-72.818036,"B0881","7/17/2014","RBP kicknet","WESTHIGHLANDS","MassDEP_2019_Bugs",100,30,36.6666666666667,5,19,10,40,7,15,33,22
"2014022.R",42.281354,-72.729396,"B0880","7/17/2014","RBP kicknet","WESTHIGHLANDS","MassDEP_2019_Bugs",100,39,53.8461538461538,6,26,23.0769230769231,43.5897435897436,13,17,32,37
"2014027.R",42.340072,-72.159534,"B0899","7/22/2014","RBP kicknet","CENTRALHILLS","MassDEP_2019_Bugs",100,37,54.0540540540541,11,47,10.8108108108108,32.4324324324324,2,8,25,26
"2014028.R",42.235461,-72.278995,"B0898","7/23/2014","RBP kicknet","CENTRALHILLS","MassDEP_2019_Bugs",100,28,57.1428571428571,5,23,7.14285714285714,35.7142857142857,0,4,33,18
"2014029.R",42.212732,-72.228756,"B0894","7/23/2014","RBP kicknet","CENTRALHILLS","MassDEP_2019_Bugs",100,29,44.8275862068966,2,30,10.3448275862069,24.1379310344828,0,8,24,11
"2014032.R",42.349683,-72.431373,"B0870","7/24/2014","RBP kicknet","CENTRALHILLS","MassDEP_2019_Bugs",100,17,35.2941176470588,1,0,23.5294117647059,41.1764705882353,3,4,11,14
"2014033.R",42.387326,-72.373514,"B0900","7/24/2014","RBP kicknet","CENTRALHILLS","MassDEP_2019_Bugs",100,21,42.8571428571429,0,29,28.5714285714286,47.6190476190476,10,35,39,20
"2014036.R",42.093242,-72.311835,"B0895","7/28/2014","RBP kicknet","CENTRALHILLS","MassDEP_2019_Bugs",100,37,37.8378378378378,9,14,16.2162162162162,27.027027027027,5,7,19,24
"2014038.AR",42.506774,-72.527076,"B0886","7/29/2014","RBP kicknet","CENTRALHILLS","MassDEP_2019_Bugs",100,18,33.3333333333333,8,75,11.1111111111111,11.1111111111111,0,6,11,8
"2014042.R",42.622729,-72.549708,"B0888","7/30/2014","RBP kicknet","CENTRALHILLS","MassDEP_2019_Bugs",100,33,45.4545454545455,4,17,9.09090909090909,21.2121212121212,2,12,19,20
"2014050.AR",42.422577,-72.769563,"B0882","8/5/2014","RBP kicknet","WESTHIGHLANDS","MassDEP_2019_Bugs",100,37,62.1621621621622,4,23,35.1351351351351,45.9459459459459,7,6,30,35
"2014053.R",42.32001,-73.02775,"B0818","8/7/2014","RBP kicknet","WESTHIGHLANDS","MassDEP_2019_Bugs",100,33,42.4242424242424,9,31,18.1818181818182,33.3333333333333,1,14,41,25
"2014054.R",42.254183,-72.948699,"B0700","8/7/2014","RBP kicknet","WESTHIGHLANDS","MassDEP_2019_Bugs",100,32,43.75,3,21,18.75,25,3,4,20,19
"2014058.R",42.71614,-72.669123,"B0817","8/11/2014","RBP kicknet","WESTHIGHLANDS","MassDEP_2019_Bugs",100,30,40,1,20,23.3333333333333,30,9,13,21,23
"2014060.R",42.695393,-72.227184,"B0821","8/12/2014","RBP kicknet","CENTRALHILLS","MassDEP_2019_Bugs",100,28,21.4285714285714,5,38,17.8571428571429,28.5714285714286,6,7,25,16
"2015004.AR",42.618394,-71.021129,"B0941","7/8/2015","RBP kicknet","CENTRALHILLS","MassDEP_2019_Bugs",100,21,14.2857142857143,0,56,9.52380952380952,4.76190476190476,0,9,1,4
"2015006.R",42.652195,-71.150971,"B0937","7/9/2015","RBP kicknet","CENTRALHILLS","MassDEP_2019_Bugs",100,26,57.6923076923077,0,42,3.84615384615385,26.9230769230769,0,4,19,17
"2015007.R",42.390098,-71.196718,"B0917","7/13/2015","RBP kicknet","CENTRALHILLS","MassDEP_2019_Bugs",100,26,26.9230769230769,0,41,15.3846153846154,7.69230769230769,0,8,15,8
"2015008.R",42.304938,-71.233834,"B0913","7/13/2015","RBP kicknet","CENTRALHILLS","MassDEP_2019_Bugs",100,19,15.7894736842105,0,28,10.5263157894737,5.26315789473684,0,5,2,3
"2015010.R",42.625394,-71.389087,"B0915","7/14/2015","RBP kicknet","CENTRALHILLS","MassDEP_2019_Bugs",100,29,31.0344827586207,0,44,6.89655172413793,13.7931034482759,0,5,5,11
"2015020.R",42.343768,-72.953342,"B0943","7/20/2015","RBP kicknet","WESTHIGHLANDS","MassDEP_2019_Bugs",100,38,44.7368421052632,14,21,23.6842105263158,28.9473684210526,5,10,28,27
"2015027.AR",42.435696,-71.57041,"B0924","7/21/2015","RBP kicknet","CENTRALHILLS","MassDEP_2019_Bugs",100,23,30.4347826086957,0,59,17.3913043478261,13.0434782608696,5,4,4,8
"2015036.R",42.609184,-71.411679,"B0938","7/27/2015","RBP kicknet","CENTRALHILLS","MassDEP_2019_Bugs",100,19,68.4210526315789,0,48,5.26315789473684,21.0526315789474,1,4,6,11
"2015039.R",42.484172,-72.754212,"B0826","7/28/2015","RBP kicknet","WESTHIGHLANDS","MassDEP_2019_Bugs",100,39,48.7179487179487,7,14,25.6410256410256,43.5897435897436,6,11,28,37
"2015040.R",42.464706,-72.384545,"B0736","7/28/2015","RBP kicknet","CENTRALHILLS","MassDEP_2019_Bugs",100,21,33.3333333333333,0,18,19.047619047619,33.3333333333333,2,2,14,13
"2015041.R",42.587089,-72.357188,"B0699","7/28/2015","RBP kicknet","CENTRALHILLS","MassDEP_2019_Bugs",100,27,40.7407407407407,0,17,18.5185185185185,29.6296296296296,7,9,26,17
"2015047.R",42.703472,-72.95888,"B0820","7/30/2015","RBP kicknet","WESTHIGHLANDS","MassDEP_2019_Bugs",100,37,45.9459459459459,6,12,24.3243243243243,32.4324324324324,6,13,15,27
"2015059.R",42.444418,-71.551697,"B0945","8/5/2015","RBP kicknet","CENTRALHILLS","MassDEP_2019_Bugs",100,28,25,1,54,17.8571428571429,14.2857142857143,8,11,10,11
"2016007.AR",42.161712,-72.26846,"B0944","7/25/2016","RBP kicknet","CENTRALHILLS","MassDEP_2019_Bugs",100,35,34.2857142857143,3,12,17.1428571428571,31.4285714285714,8,10,20,25
"2016027.R",42.398058,-71.658249,"B0946","9/7/2016","RBP kicknet","CENTRALHILLS","MassDEP_2019_Bugs",100,31,32.258064516129,20,38,25.8064516129032,29.0322580645161,4,4,29,15
"2017004.r",42.72086,-72.5953,"B0950","7/14/2017","RBP kicknet","CENTRALHILLS","MassDEP_2019_Bugs",100,25,44,0,40,20,32,14,21,40,20
"2017010.r",42.632569,-72.974395,"B0739","7/20/2017","RBP kicknet","WESTHIGHLANDS","MassDEP_2019_Bugs",100,33,45.4545454545455,6,12,15.1515151515152,21.2121212121212,2,13,17,20
"2017011.Ar",42.627311,-73.224315,"B0035","7/20/2017","RBP kicknet","WESTHIGHLANDS","MassDEP_2019_Bugs",99,36,38.8888888888889,5.05050505050505,3.03030303030303,36.1111111111111,33.3333333333333,18.1818181818182,14.1414141414141,30.3030303030303,28
"2017016.r",42.32292,-72.9263,"B0947","7/26/2017","RBP kicknet","WESTHIGHLANDS","MassDEP_2019_Bugs",100,35,40,12,22,11.4285714285714,25.7142857142857,3,16,26,26
"2017019.r",42.03859,-72.9408,"B0948","7/27/2017","RBP kicknet","WESTHIGHLANDS","MassDEP_2019_Bugs",100,35,40,6,28,14.2857142857143,20,5,10,17,21
"2017020.r",42.04234,-72.9175,"B0949","7/27/2017","RBP kicknet","WESTHIGHLANDS","MassDEP_2019_Bugs",99,37,48.6486486486486,3.03030303030303,38.3838383838384,21.6216216216216,37.8378378378378,8.08080808080808,25.2525252525253,33.3333333333333,29
"CATAMOUNT08-11-1-1.R",42.6365,-72.7408,"CATAMOUNT08","8/2/2011","RBP kicknet","WESTHIGHLANDS","MassDEP_2019_Bugs",99,29,41.3793103448276,0,6.06060606060606,20.6896551724138,41.3793103448276,16.1616161616162,18.1818181818182,32.3232323232323,23
"CDRM01-08-1-1.R",42.641432,-72.961048,"CDRM01","9/18/2008","RBP kicknet","WESTHIGHLANDS","MassDEP_2019_Bugs",100,37,51.3513513513514,12,33,24.3243243243243,35.1351351351351,9,8,29,29
"CDRM02-08-1-1.R",42.636352,-72.934432,"CDRM02","9/18/2008","RBP kicknet","WESTHIGHLANDS","MassDEP_2019_Bugs",100,39,58.974358974359,5,36,23.0769230769231,48.7179487179487,6,9,31,38
"CDRM03-08-1-1.R",42.666446,-73.030288,"CDRM03","9/18/2008","RBP kicknet","WESTHIGHLANDS","MassDEP_2019_Bugs",96,32,50,5.20833333333333,20.8333333333333,18.75,37.5,8.33333333333333,20.8333333333333,33.3333333333333,32
"CHRM01-08-1-1.R",42.618856,-72.908026,"CHRM01","9/21/2008","RBP kicknet","WESTHIGHLANDS","MassDEP_2019_Bugs",98,38,65.7894736842105,15.3061224489796,24.4897959183673,23.6842105263158,44.7368421052632,10.2040816326531,19.3877551020408,36.734693877551,38
"CHRM02-08-1-1.R",42.605883,-72.912636,"CHRM02","9/21/2008","RBP kicknet","WESTHIGHLANDS","MassDEP_2019_Bugs",100,37,62.1621621621622,27,27,21.6216216216216,40.5405405405405,5,15,31,34
"CHRM03-08-1-1.R",42.577559,-72.947246,"CHRM03","9/22/2008","RBP kicknet","WESTHIGHLANDS","MassDEP_2019_Bugs",100,25,84,6,22,20,56,8,20,40,33
"CLBM01-08-1-1.R",42.61247,-72.769041,"CLBM01","9/23/2008","RBP kicknet","WESTHIGHLANDS","MassDEP_2019_Bugs",99,36,66.6666666666667,13.1313131313131,16.1616161616162,19.4444444444444,44.4444444444444,6.06060606060606,6.06060606060606,33.3333333333333,34
"CLBM02-08-1-1.R",42.579762,-72.800223,"CLBM02","9/23/2008","RBP kicknet","WESTHIGHLANDS","MassDEP_2019_Bugs",100,26,73.0769230769231,19,12,26.9230769230769,50,15,14,51,28
"CLBM03-08-1-1.R",42.579218,-72.839642,"CLBM03","9/16/2008","RBP kicknet","WESTHIGHLANDS","MassDEP_2019_Bugs",100,33,60.6060606060606,16,9,33.3333333333333,45.4545454545455,18,15,45,36
"CMBM01-06-1-1.R",42.50907,-72.7729,"CMBM01","9/23/2006","RBP kicknet","WESTHIGHLANDS","MassDEP_2019_Bugs",100,33,63.6363636363636,15,24,30.3030303030303,48.4848484848485,6,7,35,33
"DRRM25-12-3-1.R",42.618921,-72.822535,"DRRM25","9/16/2012","RBP kicknet","WESTHIGHLANDS","MassDEP_2019_Bugs",97,36,63.8888888888889,17.5257731958763,50.5154639175258,13.8888888888889,41.6666666666667,5.15463917525773,3.09278350515464,27.8350515463918,33
"DUBUQUE05-11-1-1.R",42.5719,-72.9184,"DUBUQUE05","8/1/2011","RBP kicknet","WESTHIGHLANDS","MassDEP_2019_Bugs",100,27,51.8518518518519,0,20,29.6296296296296,48.1481481481481,12,14,47,24
"EBNM01-07-1-1.R",42.669891,-72.71802,"EBNM01","9/23/2007","RBP kicknet","WESTHIGHLANDS","MassDEP_2019_Bugs",99,35,57.1428571428571,17.1717171717172,36.3636363636364,17.1428571428571,40,7.07070707070707,2.02020202020202,22.2222222222222,31
"EBNM02-07-1-1.R",42.675048,-72.707944,"EBNM02","9/23/2007","RBP kicknet","WESTHIGHLANDS","MassDEP_2019_Bugs",100,35,62.8571428571429,20,33,22.8571428571429,45.7142857142857,5,3,35,35
"EBNM03-07-1-1.R",42.689345,-72.691978,"EBNM03","9/23/2007","RBP kicknet","WESTHIGHLANDS","MassDEP_2019_Bugs",100,36,69.4444444444444,19,37,19.4444444444444,50,5,3,31,36
"EBNM04-07-1-1.R",42.72781,-72.71163,"EBNM04","9/23/2007","RBP kicknet","WESTHIGHLANDS","MassDEP_2019_Bugs",96,34,76.4705882352941,46.875,17.7083333333333,23.5294117647059,61.7647058823529,13.5416666666667,5.20833333333333,46.875,42
"GRM01A-12-3-1.R",42.575825,-72.598362,"GRM01A","9/11/2012","RBP kicknet","CENTRALHILLS","MassDEP_2019_Bugs",100,33,42.4242424242424,9,41,36.3636363636364,27.2727272727273,3,1,16,19
"GRM04-11-1-1.R",42.64623,-72.619495,"GRM04","9/17/2011","RBP kicknet","WESTHIGHLANDS","MassDEP_2019_Bugs",100,31,58.0645161290323,12,39,32.258064516129,32.258064516129,15,6,26,26
"GRM06-05-1-1.R",42.714098,-72.670163,"GRM06","9/24/2005","RBP kicknet","WESTHIGHLANDS","MassDEP_2019_Bugs",100,36,61.1111111111111,26,40,22.2222222222222,47.2222222222222,8,11,46,39
"JBM01-05-1-1.R",42.680429,-72.655512,"JBM01","9/24/2005","RBP kicknet","WESTHIGHLANDS","MassDEP_2019_Bugs",100,34,52.9411764705882,39,4,29.4117647058824,50,14,6,68,34
"KBM01-05-1-1.R",42.670835,-72.639628,"KBM01","9/24/2005","RBP kicknet","WESTHIGHLANDS","MassDEP_2019_Bugs",100,23,52.1739130434783,8,30,17.3913043478261,52.1739130434783,8,6,54,23
"MBM01-05-1-1.R",42.610784,-72.607375,"MBM01","9/23/2005","RBP kicknet","CENTRALHILLS","MassDEP_2019_Bugs",98,18,61.1111111111111,19.3877551020408,54.0816326530612,27.7777777777778,33.3333333333333,4.08163265306122,3.06122448979592,27.5510204081633,15
"MLNM01-08-1-1.R",42.632171,-72.868123,"MLNM01","9/21/2008","RBP kicknet","WESTHIGHLANDS","MassDEP_2019_Bugs",99,34,52.9411764705882,17.1717171717172,15.1515151515152,20.5882352941176,35.2941176470588,4.04040404040404,25.2525252525253,24.2424242424242,28
"MLSM01-08-1-1.R",42.604603,-72.911536,"MLSM01","9/21/2008","RBP kicknet","WESTHIGHLANDS","MassDEP_2019_Bugs",100,31,51.6129032258064,37,9,29.0322580645161,45.1612903225806,8,17,38,27
"NORM01-07-1-1.R",42.627843,-72.736088,"NORM01","9/27/2007","RBP kicknet","WESTHIGHLANDS","MassDEP_2019_Bugs",100,31,61.2903225806452,6,37,22.5806451612903,41.9354838709677,3,2,30,25
"NORM02-07-1-1.R",42.653351,-72.715864,"NORM02","9/22/2007","RBP kicknet","WESTHIGHLANDS","MassDEP_2019_Bugs",100,34,67.6470588235294,8,37,26.4705882352941,44.1176470588235,4,2,26,33
"NORM03-07-1-1.R",42.657187,-72.715712,"NORM03","9/22/2007","RBP kicknet","WESTHIGHLANDS","MassDEP_2019_Bugs",99,41,68.2926829268293,24.2424242424242,25.2525252525253,21.9512195121951,51.219512195122,7.07070707070707,6.06060606060606,35.3535353535354,45
"PHBM01-06-1-1.R",42.508112,-72.697874,"PHBM01","9/24/2006","RBP kicknet","WESTHIGHLANDS","MassDEP_2019_Bugs",99,29,55.1724137931034,14.1414141414141,26.2626262626263,27.5862068965517,41.3793103448276,2.02020202020202,1.01010101010101,40.4040404040404,25
"PLBM01-06-1-1.R",42.51238,-72.74352,"PLBM01","9/23/2006","RBP kicknet","WESTHIGHLANDS","MassDEP_2019_Bugs",100,36,66.6666666666667,20,42,25,47.2222222222222,5,7,31,36
"PLMM01-08-1-1.R",42.665443,-72.935053,"PLMM01","9/23/2008","RBP kicknet","WESTHIGHLANDS","MassDEP_2019_Bugs",100,34,52.9411764705882,16,21,32.3529411764706,50,13,17,35,36
"SDBM01-07-1-1.R",42.703708,-72.784362,"SDBM01","9/22/2007","RBP kicknet","WESTHIGHLANDS","MassDEP_2019_Bugs",99,34,55.8823529411765,17.1717171717172,9.09090909090909,32.3529411764706,47.0588235294118,15.1515151515152,9.09090909090909,39.3939393939394,35
"SORM01-06-1-1.R",42.540761,-72.657878,"SORM01","9/18/2006","RBP kicknet","WESTHIGHLANDS","MassDEP_2019_Bugs",99,34,55.8823529411765,2.02020202020202,29.2929292929293,23.5294117647059,35.2941176470588,1.01010101010101,4.04040404040404,25.2525252525253,27
"SORM02-06-1-1.R",42.54203,-72.69462,"SORM02","9/22/2006","RBP kicknet","WESTHIGHLANDS","MassDEP_2019_Bugs",100,25,64,6,25,16,32,2,1,29,23
"SORM03-06-1-1.R",42.51748,-72.69678,"SORM03","9/22/2006","RBP kicknet","WESTHIGHLANDS","MassDEP_2019_Bugs",100,31,54.8387096774194,8,30,16.1290322580645,32.258064516129,8,7,32,24
"SORM04-06-1-1.R",42.50817,-72.69838,"SORM04","9/24/2006","RBP kicknet","WESTHIGHLANDS","MassDEP_2019_Bugs",96,34,73.5294117647059,11.4583333333333,26.0416666666667,26.4705882352941,41.1764705882353,8.33333333333333,2.08333333333333,28.125,35
"SORM05-06-1-1.R",42.5169,-72.70422,"SORM05","9/23/2006","RBP kicknet","WESTHIGHLANDS","MassDEP_2019_Bugs",100,29,62.0689655172414,13,52,27.5862068965517,44.8275862068966,9,4,32,28
"SORM06-06-1-1.R",42.50973,-72.75991,"SORM06","9/23/2006","RBP kicknet","WESTHIGHLANDS","MassDEP_2019_Bugs",100,27,59.2592592592593,24,26,18.5185185185185,44.4444444444444,4,2,40,24
"SORM07-06-1-1.R",42.521795,-72.7808,"SORM07","9/23/2006","RBP kicknet","WESTHIGHLANDS","MassDEP_2019_Bugs",100,25,60,3,11,24,40,9,2,22,23
"SORM08-06-1-1.R",42.532962,-72.791846,"SORM08","9/10/2006","RBP kicknet","WESTHIGHLANDS","MassDEP_2019_Bugs",99,23,73.9130434782609,11.1111111111111,24.2424242424242,21.7391304347826,52.1739130434783,8.08080808080808,6.06060606060606,26.2626262626263,25
"TLBM01-07-1-1.R",42.67325,-72.748052,"TLBM01","9/23/2007","RBP kicknet","WESTHIGHLANDS","MassDEP_2019_Bugs",100,28,78.5714285714286,41,26,25,46.4285714285714,6,3,37,28
"TNBM01-08-1-1.R",42.629739,-72.998273,"TNBM01","9/18/2008","RBP kicknet","WESTHIGHLANDS","MassDEP_2019_Bugs",99,32,62.5,12.1212121212121,8.08080808080808,28.125,56.25,22.2222222222222,16.1616161616162,56.5656565656566,38
"WBM01-05-1-1.R",42.589272,-72.631663,"WBM01","9/25/2005","RBP kicknet","WESTHIGHLANDS","MassDEP_2019_Bugs",100,27,66.6666666666667,5,16,18.5185185185185,51.8518518518519,15,15,43,31
"WBNM01-07-1-1.R",42.666429,-72.723835,"WBNM01","9/22/2007","RBP kicknet","WESTHIGHLANDS","MassDEP_2019_Bugs",100,37,64.8648648648649,19,33,24.3243243243243,43.2432432432432,8,7,32,39
"WBNM02-07-1-1.R",42.703708,-72.784362,"WBNM02","9/22/2007","RBP kicknet","WESTHIGHLANDS","MassDEP_2019_Bugs",95,30,60,21.0526315789474,53.6842105263158,30,53.3333333333333,5.26315789473684,3.15789473684211,55.7894736842105,33
"WBNM03-07-1-1.R",42.704535,-72.835238,"WBNM03","9/22/2007","RBP kicknet","WESTHIGHLANDS","MassDEP_2019_Bugs",100,37,62.1621621621622,22,28,29.7297297297297,51.3513513513514,10,8,42,42
